[{"model": "habitually.user", "pk": 1, "fields": {"password": "pbkdf2_sha256$260000$YqtiVKVZEyywcdrmO0iDxt$adjPyLf1uvLS3tfMk7CMQqmqy5UYi5u8VhlJ83+5/pA=", "last_login": "2022-08-01T03:03:26.200Z", "is_superuser": true, "username": "sophia-admin", "first_name": "", "last_name": "", "email": "sophia-admin@example.com", "is_staff": true, "is_active": true, "date_joined": "2021-11-24T07:04:11.464Z", "groups": [], "user_permissions": []}}, {"model": "habitually.user", "pk": 2, "fields": {"password": "pbkdf2_sha256$260000$Gdwjh0pVlrmhPkOroILeST$gQXsNcIASjdgp/CO+XKXlW38HgHa44Q1laRCgLwDLcM=", "last_login": "2021-12-11T11:17:19.623Z", "is_superuser": false, "username": "test", "first_name": "", "last_name": "", "email": "test@example.com", "is_staff": false, "is_active": true, "date_joined": "2021-12-04T07:36:58.493Z", "groups": [], "user_permissions": []}}, {"model": "habitually.user", "pk": 3, "fields": {"password": "pbkdf2_sha256$260000$Dh99dlSHERXEVqOo3HuDBe$IJ6mxYOQwS0QC+LVcxLun1nnCoK1vBdGn1fmizLBGsU=", "last_login": "2021-12-13T02:30:07.195Z", "is_superuser": false, "username": "sophia", "first_name": "", "last_name": "", "email": "sophia@example.com", "is_staff": false, "is_active": true, "date_joined": "2021-12-08T08:39:58.439Z", "groups": [], "user_permissions": []}}, {"model": "habitually.user", "pk": 4, "fields": {"password": "pbkdf2_sha256$260000$x7UYOyJKsWJWlyK8fnlIv9$fC9MfoFRm4FxDbk2OcK4kkjoMew1SuaE94+jxd+/K+8=", "last_login": "2021-12-11T11:17:37.727Z", "is_superuser": false, "username": "foo", "first_name": "", "last_name": "", "email": "foo@example.com", "is_staff": false, "is_active": true, "date_joined": "2021-12-11T10:44:07.549Z", "groups": [], "user_permissions": []}}, {"model": "habitually.category", "pk": 9, "fields": {"category": "Health"}}, {"model": "habitually.category", "pk": 10, "fields": {"category": "Fitness"}}, {"model": "habitually.category", "pk": 11, "fields": {"category": "Productivity"}}, {"model": "habitually.category", "pk": 12, "fields": {"category": "Finances"}}, {"model": "habitually.category", "pk": 13, "fields": {"category": "Diet"}}, {"model": "habitually.category", "pk": 14, "fields": {"category": "Relationships"}}, {"model": "habitually.category", "pk": 15, "fields": {"category": "Learning"}}, {"model": "habitually.category", "pk": 16, "fields": {"category": "Hobbies"}}, {"model": "habitually.habit", "pk": 33, "fields": {"creation_time": "2021-12-02T11:11:37.146Z", "creator": 1, "name": "Sleep before midnight", "category": 9}}, {"model": "habitually.habit", "pk": 34, "fields": {"creation_time": "2021-12-02T11:11:44.652Z", "creator": 1, "name": "Work out", "category": 10}}, {"model": "habitually.habit", "pk": 36, "fields": {"creation_time": "2021-12-02T12:26:45.315Z", "creator": 1, "name": "Meditate", "category": 9}}, {"model": "habitually.habit", "pk": 39, "fields": {"creation_time": "2021-12-02T12:49:58.940Z", "creator": 1, "name": "Log calorie data", "category": 13}}, {"model": "habitually.habit", "pk": 40, "fields": {"creation_time": "2021-12-02T12:50:46.257Z", "creator": 1, "name": "Go for a walk", "category": 10}}, {"model": "habitually.habit", "pk": 42, "fields": {"creation_time": "2021-12-02T12:53:42.125Z", "creator": 1, "name": "Avoid eating sweets", "category": 13}}, {"model": "habitually.habit", "pk": 43, "fields": {"creation_time": "2021-12-03T04:46:33.880Z", "creator": 1, "name": "Catch up with friends", "category": 14}}, {"model": "habitually.habit", "pk": 48, "fields": {"creation_time": "2021-12-04T10:07:11.917Z", "creator": 2, "name": "Run", "category": 10}}, {"model": "habitually.habit", "pk": 49, "fields": {"creation_time": "2021-12-04T10:07:32.970Z", "creator": 2, "name": "Read a book", "category": 16}}, {"model": "habitually.habit", "pk": 50, "fields": {"creation_time": "2021-12-04T10:07:56.111Z", "creator": 2, "name": "Create a to-do list", "category": 11}}, {"model": "habitually.habit", "pk": 51, "fields": {"creation_time": "2021-12-04T10:08:12.704Z", "creator": 2, "name": "Stretch", "category": 10}}, {"model": "habitually.habit", "pk": 52, "fields": {"creation_time": "2021-12-04T10:09:51.158Z", "creator": 2, "name": "Swim", "category": 10}}, {"model": "habitually.habit", "pk": 53, "fields": {"creation_time": "2021-12-04T10:50:02.694Z", "creator": 2, "name": "Yoga", "category": 10}}, {"model": "habitually.habit", "pk": 54, "fields": {"creation_time": "2021-12-04T10:50:14.313Z", "creator": 2, "name": "HIIT Cardio", "category": 10}}, {"model": "habitually.habit", "pk": 55, "fields": {"creation_time": "2021-12-04T10:50:28.491Z", "creator": 2, "name": "Cycling", "category": 10}}, {"model": "habitually.habit", "pk": 56, "fields": {"creation_time": "2021-12-04T10:50:44.763Z", "creator": 2, "name": "Take a power nap", "category": 9}}, {"model": "habitually.habit", "pk": 58, "fields": {"creation_time": "2021-12-04T10:52:00.813Z", "creator": 2, "name": "Call my parents", "category": 14}}, {"model": "habitually.habit", "pk": 62, "fields": {"creation_time": "2021-12-04T10:53:10.143Z", "creator": 2, "name": "Limit sugar", "category": 13}}, {"model": "habitually.habit", "pk": 63, "fields": {"creation_time": "2021-12-04T10:53:21.412Z", "creator": 2, "name": "Limit caffeine", "category": 13}}, {"model": "habitually.habit", "pk": 64, "fields": {"creation_time": "2021-12-04T10:53:32.527Z", "creator": 2, "name": "Eat fruits", "category": 13}}, {"model": "habitually.habit", "pk": 66, "fields": {"creation_time": "2021-12-04T10:54:02.219Z", "creator": 2, "name": "Practice coding", "category": 15}}, {"model": "habitually.habit", "pk": 67, "fields": {"creation_time": "2021-12-04T10:54:12.939Z", "creator": 2, "name": "Try a new recipe", "category": 15}}, {"model": "habitually.habit", "pk": 68, "fields": {"creation_time": "2021-12-04T10:54:29.136Z", "creator": 2, "name": "Paint or draw", "category": 16}}, {"model": "habitually.habit", "pk": 69, "fields": {"creation_time": "2021-12-04T10:54:40.341Z", "creator": 2, "name": "Dance", "category": 16}}, {"model": "habitually.habit", "pk": 70, "fields": {"creation_time": "2021-12-04T10:54:46.410Z", "creator": 2, "name": "Play the guitar", "category": 16}}, {"model": "habitually.habit", "pk": 72, "fields": {"creation_time": "2021-12-04T10:55:18.527Z", "creator": 2, "name": "Take the stairs", "category": 10}}, {"model": "habitually.habit", "pk": 73, "fields": {"creation_time": "2021-12-04T10:55:45.302Z", "creator": 2, "name": "Walk 10,000 steps", "category": 10}}, {"model": "habitually.habit", "pk": 80, "fields": {"creation_time": "2021-12-08T08:06:23.931Z", "creator": 2, "name": "Drink 8 cups of water", "category": 9}}, {"model": "habitually.habit", "pk": 137, "fields": {"creation_time": "2021-12-11T05:16:55.405Z", "creator": 1, "name": "Respond to emails", "category": 11}}, {"model": "habitually.habit", "pk": 152, "fields": {"creation_time": "2021-12-11T05:37:55.649Z", "creator": 2, "name": "Family time", "category": 14}}, {"model": "habitually.habit", "pk": 153, "fields": {"creation_time": "2021-12-11T05:38:06.606Z", "creator": 2, "name": "Date night", "category": 14}}, {"model": "habitually.habit", "pk": 154, "fields": {"creation_time": "2021-12-11T05:39:15.219Z", "creator": 2, "name": "Weightlifting", "category": 10}}, {"model": "habitually.habit", "pk": 155, "fields": {"creation_time": "2021-12-11T05:39:42.319Z", "creator": 2, "name": "Learn a new language", "category": 15}}, {"model": "habitually.habit", "pk": 156, "fields": {"creation_time": "2021-12-11T05:40:02.640Z", "creator": 2, "name": "Practice photography", "category": 16}}, {"model": "habitually.habit", "pk": 157, "fields": {"creation_time": "2021-12-11T05:40:18.020Z", "creator": 2, "name": "Stay within budget", "category": 12}}, {"model": "habitually.habit", "pk": 158, "fields": {"creation_time": "2021-12-11T05:40:53.107Z", "creator": 2, "name": "Monitor investments", "category": 12}}, {"model": "habitually.habit", "pk": 159, "fields": {"creation_time": "2021-12-11T05:41:22.666Z", "creator": 2, "name": "Avoid impulse buying", "category": 12}}, {"model": "habitually.habit", "pk": 160, "fields": {"creation_time": "2021-12-11T05:41:49.748Z", "creator": 2, "name": "Complete all errands", "category": 11}}, {"model": "habitually.habit", "pk": 161, "fields": {"creation_time": "2021-12-11T05:42:30.990Z", "creator": 2, "name": "Finish assignments", "category": 11}}, {"model": "habitually.habit", "pk": 162, "fields": {"creation_time": "2021-12-11T05:42:58.488Z", "creator": 1, "name": "Work on project", "category": 11}}, {"model": "habitually.habit", "pk": 163, "fields": {"creation_time": "2021-12-11T05:43:34.643Z", "creator": 2, "name": "Take vitamins", "category": 9}}, {"model": "habitually.habit", "pk": 177, "fields": {"creation_time": "2021-12-11T08:31:13.822Z", "creator": 1, "name": "Drink 8 cups of water", "category": 9}}, {"model": "habitually.habit", "pk": 188, "fields": {"creation_time": "2021-12-11T11:13:21.211Z", "creator": 4, "name": "Limit sugar", "category": 13}}, {"model": "habitually.habit", "pk": 189, "fields": {"creation_time": "2021-12-11T11:13:21.224Z", "creator": 4, "name": "Weightlifting", "category": 10}}, {"model": "habitually.habit", "pk": 190, "fields": {"creation_time": "2021-12-11T11:21:46.715Z", "creator": 3, "name": "Catch up with friends", "category": 14}}, {"model": "habitually.habit", "pk": 191, "fields": {"creation_time": "2021-12-11T11:21:46.719Z", "creator": 3, "name": "HIIT Cardio", "category": 10}}, {"model": "habitually.habit", "pk": 192, "fields": {"creation_time": "2021-12-11T11:21:46.726Z", "creator": 3, "name": "Run", "category": 10}}, {"model": "habitually.completion", "pk": 339, "fields": {"doer": 1, "habit": 33, "time": "2021-12-01", "status": false}}, {"model": "habitually.completion", "pk": 340, "fields": {"doer": 1, "habit": 34, "time": "2021-12-01", "status": false}}, {"model": "habitually.completion", "pk": 342, "fields": {"doer": 1, "habit": 33, "time": "2021-12-02", "status": false}}, {"model": "habitually.completion", "pk": 343, "fields": {"doer": 1, "habit": 34, "time": "2021-12-02", "status": false}}, {"model": "habitually.completion", "pk": 344, "fields": {"doer": 1, "habit": 33, "time": "2021-12-03", "status": true}}, {"model": "habitually.completion", "pk": 345, "fields": {"doer": 1, "habit": 34, "time": "2021-12-03", "status": false}}, {"model": "habitually.completion", "pk": 347, "fields": {"doer": 1, "habit": 33, "time": "2021-12-04", "status": false}}, {"model": "habitually.completion", "pk": 348, "fields": {"doer": 1, "habit": 34, "time": "2021-12-04", "status": true}}, {"model": "habitually.completion", "pk": 351, "fields": {"doer": 1, "habit": 33, "time": "2021-12-05", "status": true}}, {"model": "habitually.completion", "pk": 352, "fields": {"doer": 1, "habit": 34, "time": "2021-12-05", "status": false}}, {"model": "habitually.completion", "pk": 355, "fields": {"doer": 1, "habit": 34, "time": "2021-12-06", "status": false}}, {"model": "habitually.completion", "pk": 356, "fields": {"doer": 1, "habit": 33, "time": "2021-12-06", "status": true}}, {"model": "habitually.completion", "pk": 357, "fields": {"doer": 1, "habit": 33, "time": "2021-12-07", "status": true}}, {"model": "habitually.completion", "pk": 358, "fields": {"doer": 1, "habit": 34, "time": "2021-12-07", "status": true}}, {"model": "habitually.completion", "pk": 360, "fields": {"doer": 1, "habit": 36, "time": "2021-12-06", "status": true}}, {"model": "habitually.completion", "pk": 361, "fields": {"doer": 1, "habit": 39, "time": "2021-12-06", "status": false}}, {"model": "habitually.completion", "pk": 362, "fields": {"doer": 1, "habit": 40, "time": "2021-12-06", "status": true}}, {"model": "habitually.completion", "pk": 364, "fields": {"doer": 1, "habit": 42, "time": "2021-12-06", "status": false}}, {"model": "habitually.completion", "pk": 365, "fields": {"doer": 1, "habit": 43, "time": "2021-12-06", "status": false}}, {"model": "habitually.completion", "pk": 368, "fields": {"doer": 1, "habit": 36, "time": "2021-12-07", "status": true}}, {"model": "habitually.completion", "pk": 369, "fields": {"doer": 1, "habit": 39, "time": "2021-12-07", "status": true}}, {"model": "habitually.completion", "pk": 370, "fields": {"doer": 1, "habit": 40, "time": "2021-12-07", "status": true}}, {"model": "habitually.completion", "pk": 372, "fields": {"doer": 1, "habit": 42, "time": "2021-12-07", "status": true}}, {"model": "habitually.completion", "pk": 373, "fields": {"doer": 1, "habit": 43, "time": "2021-12-07", "status": true}}, {"model": "habitually.completion", "pk": 381, "fields": {"doer": 1, "habit": 36, "time": "2021-12-02", "status": true}}, {"model": "habitually.completion", "pk": 382, "fields": {"doer": 1, "habit": 39, "time": "2021-12-02", "status": false}}, {"model": "habitually.completion", "pk": 383, "fields": {"doer": 1, "habit": 33, "time": "2021-12-08", "status": true}}, {"model": "habitually.completion", "pk": 384, "fields": {"doer": 1, "habit": 34, "time": "2021-12-08", "status": true}}, {"model": "habitually.completion", "pk": 386, "fields": {"doer": 1, "habit": 36, "time": "2021-12-08", "status": true}}, {"model": "habitually.completion", "pk": 387, "fields": {"doer": 1, "habit": 39, "time": "2021-12-08", "status": true}}, {"model": "habitually.completion", "pk": 388, "fields": {"doer": 1, "habit": 40, "time": "2021-12-08", "status": true}}, {"model": "habitually.completion", "pk": 390, "fields": {"doer": 1, "habit": 42, "time": "2021-12-08", "status": true}}, {"model": "habitually.completion", "pk": 391, "fields": {"doer": 1, "habit": 43, "time": "2021-12-08", "status": false}}, {"model": "habitually.completion", "pk": 400, "fields": {"doer": 1, "habit": 42, "time": "2021-12-02", "status": true}}, {"model": "habitually.completion", "pk": 401, "fields": {"doer": 1, "habit": 43, "time": "2021-12-02", "status": true}}, {"model": "habitually.completion", "pk": 402, "fields": {"doer": 1, "habit": 40, "time": "2021-12-02", "status": true}}, {"model": "habitually.completion", "pk": 408, "fields": {"doer": 1, "habit": 43, "time": "2021-12-09", "status": true}}, {"model": "habitually.completion", "pk": 409, "fields": {"doer": 1, "habit": 43, "time": "2021-12-05", "status": false}}, {"model": "habitually.completion", "pk": 411, "fields": {"doer": 1, "habit": 39, "time": "2021-12-09", "status": true}}, {"model": "habitually.completion", "pk": 412, "fields": {"doer": 1, "habit": 40, "time": "2021-12-09", "status": false}}, {"model": "habitually.completion", "pk": 413, "fields": {"doer": 1, "habit": 42, "time": "2021-12-09", "status": true}}, {"model": "habitually.completion", "pk": 414, "fields": {"doer": 1, "habit": 33, "time": "2021-12-09", "status": false}}, {"model": "habitually.completion", "pk": 415, "fields": {"doer": 1, "habit": 34, "time": "2021-12-09", "status": true}}, {"model": "habitually.completion", "pk": 418, "fields": {"doer": 1, "habit": 36, "time": "2021-12-09", "status": true}}, {"model": "habitually.completion", "pk": 419, "fields": {"doer": 1, "habit": 39, "time": "2021-12-05", "status": false}}, {"model": "habitually.completion", "pk": 420, "fields": {"doer": 1, "habit": 39, "time": "2021-12-03", "status": false}}, {"model": "habitually.completion", "pk": 421, "fields": {"doer": 1, "habit": 42, "time": "2021-12-05", "status": true}}, {"model": "habitually.completion", "pk": 422, "fields": {"doer": 1, "habit": 42, "time": "2021-12-04", "status": true}}, {"model": "habitually.completion", "pk": 423, "fields": {"doer": 1, "habit": 42, "time": "2021-12-03", "status": true}}, {"model": "habitually.completion", "pk": 427, "fields": {"doer": 1, "habit": 34, "time": "2021-12-10", "status": true}}, {"model": "habitually.completion", "pk": 428, "fields": {"doer": 1, "habit": 36, "time": "2021-12-10", "status": true}}, {"model": "habitually.completion", "pk": 429, "fields": {"doer": 1, "habit": 43, "time": "2021-12-10", "status": false}}, {"model": "habitually.completion", "pk": 434, "fields": {"doer": 1, "habit": 33, "time": "2021-12-10", "status": true}}, {"model": "habitually.completion", "pk": 435, "fields": {"doer": 1, "habit": 33, "time": "2021-12-11", "status": true}}, {"model": "habitually.completion", "pk": 436, "fields": {"doer": 1, "habit": 34, "time": "2021-12-11", "status": true}}, {"model": "habitually.completion", "pk": 437, "fields": {"doer": 1, "habit": 39, "time": "2021-12-11", "status": true}}, {"model": "habitually.completion", "pk": 438, "fields": {"doer": 1, "habit": 39, "time": "2021-12-10", "status": true}}, {"model": "habitually.completion", "pk": 439, "fields": {"doer": 1, "habit": 42, "time": "2021-12-10", "status": true}}, {"model": "habitually.completion", "pk": 440, "fields": {"doer": 1, "habit": 42, "time": "2021-12-11", "status": true}}, {"model": "habitually.completion", "pk": 441, "fields": {"doer": 1, "habit": 43, "time": "2021-12-11", "status": true}}, {"model": "habitually.completion", "pk": 443, "fields": {"doer": 1, "habit": 177, "time": "2021-12-11", "status": true}}, {"model": "habitually.completion", "pk": 444, "fields": {"doer": 1, "habit": 177, "time": "2021-12-10", "status": true}}, {"model": "habitually.completion", "pk": 445, "fields": {"doer": 1, "habit": 177, "time": "2021-12-09", "status": true}}, {"model": "habitually.completion", "pk": 446, "fields": {"doer": 1, "habit": 177, "time": "2021-12-08", "status": true}}, {"model": "habitually.completion", "pk": 447, "fields": {"doer": 1, "habit": 177, "time": "2021-12-07", "status": true}}, {"model": "habitually.completion", "pk": 448, "fields": {"doer": 1, "habit": 177, "time": "2021-12-06", "status": true}}, {"model": "habitually.completion", "pk": 449, "fields": {"doer": 1, "habit": 177, "time": "2021-12-05", "status": true}}, {"model": "habitually.completion", "pk": 450, "fields": {"doer": 1, "habit": 162, "time": "2021-12-11", "status": false}}, {"model": "habitually.completion", "pk": 470, "fields": {"doer": 3, "habit": 190, "time": "2021-12-07", "status": true}}, {"model": "habitually.completion", "pk": 471, "fields": {"doer": 1, "habit": 177, "time": "2021-12-13", "status": true}}, {"model": "habitually.completion", "pk": 472, "fields": {"doer": 1, "habit": 162, "time": "2021-12-13", "status": true}}, {"model": "habitually.completion", "pk": 473, "fields": {"doer": 1, "habit": 137, "time": "2021-12-13", "status": true}}, {"model": "habitually.completion", "pk": 474, "fields": {"doer": 1, "habit": 177, "time": "2021-12-12", "status": true}}, {"model": "habitually.completion", "pk": 475, "fields": {"doer": 1, "habit": 33, "time": "2021-12-13", "status": false}}, {"model": "admin.logentry", "pk": 1, "fields": {"action_time": "2021-11-24T07:05:50.770Z", "user": 1, "content_type": 2, "object_id": "1", "object_repr": "Health & Wellness", "action_flag": 1, "change_message": "[{\"added\": {}}]"}}, {"model": "admin.logentry", "pk": 2, "fields": {"action_time": "2021-11-24T07:05:55.393Z", "user": 1, "content_type": 2, "object_id": "2", "object_repr": "Fitness", "action_flag": 1, "change_message": "[{\"added\": {}}]"}}, {"model": "admin.logentry", "pk": 3, "fields": {"action_time": "2021-11-24T07:06:00.399Z", "user": 1, "content_type": 2, "object_id": "3", "object_repr": "Productivity", "action_flag": 1, "change_message": "[{\"added\": {}}]"}}, {"model": "admin.logentry", "pk": 4, "fields": {"action_time": "2021-11-24T07:06:03.067Z", "user": 1, "content_type": 2, "object_id": "4", "object_repr": "Finances", "action_flag": 1, "change_message": "[{\"added\": {}}]"}}, {"model": "admin.logentry", "pk": 5, "fields": {"action_time": "2021-11-24T07:06:11.164Z", "user": 1, "content_type": 2, "object_id": "5", "object_repr": "Relationships", "action_flag": 1, "change_message": "[{\"added\": {}}]"}}, {"model": "admin.logentry", "pk": 6, "fields": {"action_time": "2021-11-24T07:06:17.590Z", "user": 1, "content_type": 2, "object_id": "6", "object_repr": "Diet", "action_flag": 1, "change_message": "[{\"added\": {}}]"}}, {"model": "admin.logentry", "pk": 7, "fields": {"action_time": "2021-11-24T07:06:21.486Z", "user": 1, "content_type": 2, "object_id": "7", "object_repr": "Learning", "action_flag": 1, "change_message": "[{\"added\": {}}]"}}, {"model": "admin.logentry", "pk": 8, "fields": {"action_time": "2021-11-24T07:06:24.941Z", "user": 1, "content_type": 2, "object_id": "8", "object_repr": "Hobbies", "action_flag": 1, "change_message": "[{\"added\": {}}]"}}, {"model": "admin.logentry", "pk": 9, "fields": {"action_time": "2021-11-24T07:14:50.204Z", "user": 1, "content_type": 4, "object_id": "10", "object_repr": "sophia-admin | Work out |  Date: 2021-11-19 Completed: True", "action_flag": 3, "change_message": ""}}, {"model": "admin.logentry", "pk": 10, "fields": {"action_time": "2021-11-24T07:14:50.219Z", "user": 1, "content_type": 4, "object_id": "9", "object_repr": "sophia-admin | Work out |  Date: 2021-11-18 Completed: True", "action_flag": 3, "change_message": ""}}, {"model": "admin.logentry", "pk": 11, "fields": {"action_time": "2021-11-24T07:14:50.221Z", "user": 1, "content_type": 4, "object_id": "8", "object_repr": "sophia-admin | Work out |  Date: 2021-11-21 Completed: True", "action_flag": 3, "change_message": ""}}, {"model": "admin.logentry", "pk": 12, "fields": {"action_time": "2021-11-24T07:14:50.226Z", "user": 1, "content_type": 4, "object_id": "7", "object_repr": "sophia-admin | Work out |  Date: 2021-11-23 Completed: True", "action_flag": 3, "change_message": ""}}, {"model": "admin.logentry", "pk": 13, "fields": {"action_time": "2021-11-24T07:14:50.228Z", "user": 1, "content_type": 4, "object_id": "6", "object_repr": "sophia-admin | Sleep before midnight |  Date: 2021-11-24 Completed: True", "action_flag": 3, "change_message": ""}}, {"model": "admin.logentry", "pk": 14, "fields": {"action_time": "2021-11-24T07:14:50.230Z", "user": 1, "content_type": 4, "object_id": "5", "object_repr": "sophia-admin | Sleep before midnight |  Date: 2021-11-24 Completed: True", "action_flag": 3, "change_message": ""}}, {"model": "admin.logentry", "pk": 15, "fields": {"action_time": "2021-11-24T07:14:50.233Z", "user": 1, "content_type": 4, "object_id": "4", "object_repr": "sophia-admin | Drink 8 glasses of water |  Date: 2021-11-24 Completed: True", "action_flag": 3, "change_message": ""}}, {"model": "admin.logentry", "pk": 16, "fields": {"action_time": "2021-11-24T07:14:50.234Z", "user": 1, "content_type": 4, "object_id": "3", "object_repr": "sophia-admin | Drink 8 glasses of water |  Date: 2021-11-24 Completed: True", "action_flag": 3, "change_message": ""}}, {"model": "admin.logentry", "pk": 17, "fields": {"action_time": "2021-11-24T07:14:50.236Z", "user": 1, "content_type": 4, "object_id": "2", "object_repr": "sophia-admin | Drink 8 glasses of water |  Date: 2021-11-24 Completed: True", "action_flag": 3, "change_message": ""}}, {"model": "admin.logentry", "pk": 18, "fields": {"action_time": "2021-11-24T07:14:50.238Z", "user": 1, "content_type": 4, "object_id": "1", "object_repr": "sophia-admin | Drink 8 glasses of water |  Date: 2021-11-24 Completed: True", "action_flag": 3, "change_message": ""}}, {"model": "admin.logentry", "pk": 19, "fields": {"action_time": "2021-11-24T07:24:16.070Z", "user": 1, "content_type": 4, "object_id": "17", "object_repr": "sophia-admin | Work out |  Date: 2021-11-22 Completed: True", "action_flag": 3, "change_message": ""}}, {"model": "admin.logentry", "pk": 20, "fields": {"action_time": "2021-11-24T07:24:16.081Z", "user": 1, "content_type": 4, "object_id": "16", "object_repr": "sophia-admin | Work out |  Date: 2021-11-22 Completed: True", "action_flag": 3, "change_message": ""}}, {"model": "admin.logentry", "pk": 21, "fields": {"action_time": "2021-11-24T07:24:16.085Z", "user": 1, "content_type": 4, "object_id": "15", "object_repr": "sophia-admin | Work out |  Date: 2021-11-22 Completed: True", "action_flag": 3, "change_message": ""}}, {"model": "admin.logentry", "pk": 22, "fields": {"action_time": "2021-11-24T07:24:16.088Z", "user": 1, "content_type": 4, "object_id": "14", "object_repr": "sophia-admin | Work out |  Date: 2021-11-22 Completed: True", "action_flag": 3, "change_message": ""}}, {"model": "admin.logentry", "pk": 23, "fields": {"action_time": "2021-11-24T07:24:16.091Z", "user": 1, "content_type": 4, "object_id": "13", "object_repr": "sophia-admin | Work out |  Date: 2021-11-22 Completed: True", "action_flag": 3, "change_message": ""}}, {"model": "admin.logentry", "pk": 24, "fields": {"action_time": "2021-11-24T07:24:16.093Z", "user": 1, "content_type": 4, "object_id": "12", "object_repr": "sophia-admin | Drink 8 glasses of water |  Date: 2021-11-24 Completed: True", "action_flag": 3, "change_message": ""}}, {"model": "admin.logentry", "pk": 25, "fields": {"action_time": "2021-11-24T07:24:16.095Z", "user": 1, "content_type": 4, "object_id": "11", "object_repr": "sophia-admin | Drink 8 glasses of water |  Date: 2021-11-24 Completed: True", "action_flag": 3, "change_message": ""}}, {"model": "admin.logentry", "pk": 26, "fields": {"action_time": "2021-11-24T07:36:51.638Z", "user": 1, "content_type": 4, "object_id": "23", "object_repr": "sophia-admin | Sleep before midnight |  Date: 2021-11-20 Completed: False", "action_flag": 3, "change_message": ""}}, {"model": "admin.logentry", "pk": 27, "fields": {"action_time": "2021-11-24T07:36:51.642Z", "user": 1, "content_type": 4, "object_id": "22", "object_repr": "sophia-admin | Work out |  Date: 2021-11-18 Completed: False", "action_flag": 3, "change_message": ""}}, {"model": "admin.logentry", "pk": 28, "fields": {"action_time": "2021-11-24T07:36:51.647Z", "user": 1, "content_type": 4, "object_id": "21", "object_repr": "sophia-admin | Sleep before midnight |  Date: 2021-11-22 Completed: True", "action_flag": 3, "change_message": ""}}, {"model": "admin.logentry", "pk": 29, "fields": {"action_time": "2021-11-24T07:36:51.649Z", "user": 1, "content_type": 4, "object_id": "20", "object_repr": "sophia-admin | Sleep before midnight |  Date: 2021-11-24 Completed: False", "action_flag": 3, "change_message": ""}}, {"model": "admin.logentry", "pk": 30, "fields": {"action_time": "2021-11-24T07:36:51.651Z", "user": 1, "content_type": 4, "object_id": "19", "object_repr": "sophia-admin | Work out |  Date: 2021-11-24 Completed: True", "action_flag": 3, "change_message": ""}}, {"model": "admin.logentry", "pk": 31, "fields": {"action_time": "2021-11-24T07:36:51.654Z", "user": 1, "content_type": 4, "object_id": "18", "object_repr": "sophia-admin | Drink 8 glasses of water |  Date: 2021-11-24 Completed: False", "action_flag": 3, "change_message": ""}}, {"model": "admin.logentry", "pk": 32, "fields": {"action_time": "2021-11-24T07:59:23.781Z", "user": 1, "content_type": 4, "object_id": "34", "object_repr": "sophia-admin | Drink 8 glasses of water |  Date: 2021-11-20 Completed: True", "action_flag": 3, "change_message": ""}}, {"model": "admin.logentry", "pk": 33, "fields": {"action_time": "2021-11-24T07:59:23.795Z", "user": 1, "content_type": 4, "object_id": "33", "object_repr": "sophia-admin | Drink 8 glasses of water |  Date: 2021-11-18 Completed: True", "action_flag": 3, "change_message": ""}}, {"model": "admin.logentry", "pk": 34, "fields": {"action_time": "2021-11-24T07:59:23.798Z", "user": 1, "content_type": 4, "object_id": "32", "object_repr": "sophia-admin | Drink 8 glasses of water |  Date: 2021-11-23 Completed: False", "action_flag": 3, "change_message": ""}}, {"model": "admin.logentry", "pk": 35, "fields": {"action_time": "2021-11-24T07:59:23.800Z", "user": 1, "content_type": 4, "object_id": "31", "object_repr": "sophia-admin | Work out |  Date: 2021-11-21 Completed: True", "action_flag": 3, "change_message": ""}}, {"model": "admin.logentry", "pk": 36, "fields": {"action_time": "2021-11-24T07:59:23.802Z", "user": 1, "content_type": 4, "object_id": "30", "object_repr": "sophia-admin | Work out |  Date: 2021-11-23 Completed: False", "action_flag": 3, "change_message": ""}}, {"model": "admin.logentry", "pk": 37, "fields": {"action_time": "2021-11-24T07:59:23.804Z", "user": 1, "content_type": 4, "object_id": "29", "object_repr": "sophia-admin | Work out |  Date: 2021-11-24 Completed: True", "action_flag": 3, "change_message": ""}}, {"model": "admin.logentry", "pk": 38, "fields": {"action_time": "2021-11-24T07:59:23.809Z", "user": 1, "content_type": 4, "object_id": "28", "object_repr": "sophia-admin | Sleep before midnight |  Date: 2021-11-19 Completed: False", "action_flag": 3, "change_message": ""}}, {"model": "admin.logentry", "pk": 39, "fields": {"action_time": "2021-11-24T07:59:23.811Z", "user": 1, "content_type": 4, "object_id": "27", "object_repr": "sophia-admin | Sleep before midnight |  Date: 2021-11-18 Completed: False", "action_flag": 3, "change_message": ""}}, {"model": "admin.logentry", "pk": 40, "fields": {"action_time": "2021-11-24T07:59:23.813Z", "user": 1, "content_type": 4, "object_id": "26", "object_repr": "sophia-admin | Sleep before midnight |  Date: 2021-11-22 Completed: True", "action_flag": 3, "change_message": ""}}, {"model": "admin.logentry", "pk": 41, "fields": {"action_time": "2021-11-24T07:59:23.817Z", "user": 1, "content_type": 4, "object_id": "25", "object_repr": "sophia-admin | Sleep before midnight |  Date: 2021-11-23 Completed: True", "action_flag": 3, "change_message": ""}}, {"model": "admin.logentry", "pk": 42, "fields": {"action_time": "2021-11-24T07:59:23.819Z", "user": 1, "content_type": 4, "object_id": "24", "object_repr": "sophia-admin | Drink 8 glasses of water |  Date: 2021-11-24 Completed: True", "action_flag": 3, "change_message": ""}}, {"model": "admin.logentry", "pk": 43, "fields": {"action_time": "2021-11-24T08:11:40.103Z", "user": 1, "content_type": 4, "object_id": "45", "object_repr": "sophia-admin | Sleep before midnight |  Date: 2021-11-20 Completed: True", "action_flag": 3, "change_message": ""}}, {"model": "admin.logentry", "pk": 44, "fields": {"action_time": "2021-11-24T08:11:40.106Z", "user": 1, "content_type": 4, "object_id": "44", "object_repr": "sophia-admin | Drink 8 glasses of water |  Date: 2021-11-23 Completed: True", "action_flag": 3, "change_message": ""}}, {"model": "admin.logentry", "pk": 45, "fields": {"action_time": "2021-11-24T08:11:40.108Z", "user": 1, "content_type": 4, "object_id": "43", "object_repr": "sophia-admin | Work out |  Date: 2021-11-23 Completed: True", "action_flag": 3, "change_message": ""}}, {"model": "admin.logentry", "pk": 46, "fields": {"action_time": "2021-11-24T08:11:40.109Z", "user": 1, "content_type": 4, "object_id": "42", "object_repr": "sophia-admin | Sleep before midnight |  Date: 2021-11-24 Completed: False", "action_flag": 3, "change_message": ""}}, {"model": "admin.logentry", "pk": 47, "fields": {"action_time": "2021-11-24T08:11:40.111Z", "user": 1, "content_type": 4, "object_id": "41", "object_repr": "sophia-admin | Drink 8 glasses of water |  Date: 2021-11-18 Completed: True", "action_flag": 3, "change_message": ""}}, {"model": "admin.logentry", "pk": 48, "fields": {"action_time": "2021-11-24T08:11:40.113Z", "user": 1, "content_type": 4, "object_id": "40", "object_repr": "sophia-admin | Sleep before midnight |  Date: 2021-11-18 Completed: True", "action_flag": 3, "change_message": ""}}, {"model": "admin.logentry", "pk": 49, "fields": {"action_time": "2021-11-24T08:11:40.115Z", "user": 1, "content_type": 4, "object_id": "39", "object_repr": "sophia-admin | Sleep before midnight |  Date: 2021-11-21 Completed: True", "action_flag": 3, "change_message": ""}}, {"model": "admin.logentry", "pk": 50, "fields": {"action_time": "2021-11-24T08:11:40.118Z", "user": 1, "content_type": 4, "object_id": "38", "object_repr": "sophia-admin | Sleep before midnight |  Date: 2021-11-22 Completed: True", "action_flag": 3, "change_message": ""}}, {"model": "admin.logentry", "pk": 51, "fields": {"action_time": "2021-11-24T08:11:40.120Z", "user": 1, "content_type": 4, "object_id": "37", "object_repr": "sophia-admin | Sleep before midnight |  Date: 2021-11-23 Completed: False", "action_flag": 3, "change_message": ""}}, {"model": "admin.logentry", "pk": 52, "fields": {"action_time": "2021-11-24T08:11:40.122Z", "user": 1, "content_type": 4, "object_id": "36", "object_repr": "sophia-admin | Work out |  Date: 2021-11-24 Completed: False", "action_flag": 3, "change_message": ""}}, {"model": "admin.logentry", "pk": 53, "fields": {"action_time": "2021-11-24T08:11:40.123Z", "user": 1, "content_type": 4, "object_id": "35", "object_repr": "sophia-admin | Drink 8 glasses of water |  Date: 2021-11-24 Completed: True", "action_flag": 3, "change_message": ""}}, {"model": "admin.logentry", "pk": 54, "fields": {"action_time": "2021-11-24T08:16:05.502Z", "user": 1, "content_type": 4, "object_id": "54", "object_repr": "sophia-admin | Work out |  Date: 2021-11-23 Completed: True", "action_flag": 3, "change_message": ""}}, {"model": "admin.logentry", "pk": 55, "fields": {"action_time": "2021-11-24T08:16:05.505Z", "user": 1, "content_type": 4, "object_id": "53", "object_repr": "sophia-admin | Work out |  Date: 2021-11-24 Completed: False", "action_flag": 3, "change_message": ""}}, {"model": "admin.logentry", "pk": 56, "fields": {"action_time": "2021-11-24T08:16:05.507Z", "user": 1, "content_type": 4, "object_id": "52", "object_repr": "sophia-admin | Drink 8 glasses of water |  Date: 2021-11-24 Completed: False", "action_flag": 3, "change_message": ""}}, {"model": "admin.logentry", "pk": 57, "fields": {"action_time": "2021-11-24T08:16:05.509Z", "user": 1, "content_type": 4, "object_id": "51", "object_repr": "sophia-admin | Sleep before midnight |  Date: 2021-11-24 Completed: True", "action_flag": 3, "change_message": ""}}, {"model": "admin.logentry", "pk": 58, "fields": {"action_time": "2021-11-24T08:16:05.510Z", "user": 1, "content_type": 4, "object_id": "50", "object_repr": "sophia-admin | Sleep before midnight |  Date: 2021-11-23 Completed: True", "action_flag": 3, "change_message": ""}}, {"model": "admin.logentry", "pk": 59, "fields": {"action_time": "2021-11-24T08:16:05.512Z", "user": 1, "content_type": 4, "object_id": "49", "object_repr": "sophia-admin | Sleep before midnight |  Date: 2021-11-22 Completed: True", "action_flag": 3, "change_message": ""}}, {"model": "admin.logentry", "pk": 60, "fields": {"action_time": "2021-11-24T08:16:05.513Z", "user": 1, "content_type": 4, "object_id": "48", "object_repr": "sophia-admin | Sleep before midnight |  Date: 2021-11-21 Completed: False", "action_flag": 3, "change_message": ""}}, {"model": "admin.logentry", "pk": 61, "fields": {"action_time": "2021-11-24T08:16:05.516Z", "user": 1, "content_type": 4, "object_id": "47", "object_repr": "sophia-admin | Sleep before midnight |  Date: 2021-11-20 Completed: False", "action_flag": 3, "change_message": ""}}, {"model": "admin.logentry", "pk": 62, "fields": {"action_time": "2021-11-24T08:16:05.517Z", "user": 1, "content_type": 4, "object_id": "46", "object_repr": "sophia-admin | Sleep before midnight |  Date: 2021-11-19 Completed: False", "action_flag": 3, "change_message": ""}}, {"model": "admin.logentry", "pk": 63, "fields": {"action_time": "2021-11-25T04:20:10.101Z", "user": 1, "content_type": 4, "object_id": "61", "object_repr": "sophia-admin | Work out |  Date: 2021-11-25 Completed: True", "action_flag": 3, "change_message": ""}}, {"model": "admin.logentry", "pk": 64, "fields": {"action_time": "2021-11-25T04:20:10.104Z", "user": 1, "content_type": 4, "object_id": "60", "object_repr": "sophia-admin | Sleep before midnight |  Date: 2021-11-20 Completed: False", "action_flag": 3, "change_message": ""}}, {"model": "admin.logentry", "pk": 65, "fields": {"action_time": "2021-11-25T04:20:10.109Z", "user": 1, "content_type": 4, "object_id": "59", "object_repr": "sophia-admin | Sleep before midnight |  Date: 2021-11-19 Completed: False", "action_flag": 3, "change_message": ""}}, {"model": "admin.logentry", "pk": 66, "fields": {"action_time": "2021-11-25T04:20:10.113Z", "user": 1, "content_type": 4, "object_id": "58", "object_repr": "sophia-admin | Drink 8 glasses of water |  Date: 2021-11-23 Completed: False", "action_flag": 3, "change_message": ""}}, {"model": "admin.logentry", "pk": 67, "fields": {"action_time": "2021-11-25T04:20:10.118Z", "user": 1, "content_type": 4, "object_id": "57", "object_repr": "sophia-admin | Drink 8 glasses of water |  Date: 2021-11-25 Completed: True", "action_flag": 3, "change_message": ""}}, {"model": "admin.logentry", "pk": 68, "fields": {"action_time": "2021-11-25T04:20:10.123Z", "user": 1, "content_type": 4, "object_id": "56", "object_repr": "sophia-admin | Sleep before midnight |  Date: 2021-11-24 Completed: False", "action_flag": 3, "change_message": ""}}, {"model": "admin.logentry", "pk": 69, "fields": {"action_time": "2021-11-25T04:20:10.125Z", "user": 1, "content_type": 4, "object_id": "55", "object_repr": "sophia-admin | Drink 8 glasses of water |  Date: 2021-11-24 Completed: False", "action_flag": 3, "change_message": ""}}, {"model": "admin.logentry", "pk": 70, "fields": {"action_time": "2021-11-26T06:42:32.956Z", "user": 1, "content_type": 4, "object_id": "117", "object_repr": "sophia-admin | Catch up with friends |  Date: 2021-10-22 Completed: True", "action_flag": 3, "change_message": ""}}, {"model": "admin.logentry", "pk": 71, "fields": {"action_time": "2021-11-26T06:42:32.959Z", "user": 1, "content_type": 4, "object_id": "116", "object_repr": "sophia-admin | Study for 4 hours |  Date: 2021-10-22 Completed: True", "action_flag": 3, "change_message": ""}}, {"model": "admin.logentry", "pk": 72, "fields": {"action_time": "2021-11-26T06:42:32.962Z", "user": 1, "content_type": 4, "object_id": "115", "object_repr": "sophia-admin | Play video games |  Date: 2021-10-22 Completed: True", "action_flag": 3, "change_message": ""}}, {"model": "admin.logentry", "pk": 73, "fields": {"action_time": "2021-11-26T06:42:32.964Z", "user": 1, "content_type": 4, "object_id": "114", "object_repr": "sophia-admin | Work out |  Date: 2021-10-22 Completed: True", "action_flag": 3, "change_message": ""}}, {"model": "admin.logentry", "pk": 74, "fields": {"action_time": "2021-11-26T06:42:32.966Z", "user": 1, "content_type": 4, "object_id": "113", "object_repr": "sophia-admin | Work out |  Date: 2021-11-12 Completed: False", "action_flag": 3, "change_message": ""}}, {"model": "admin.logentry", "pk": 75, "fields": {"action_time": "2021-11-26T06:42:32.971Z", "user": 1, "content_type": 4, "object_id": "112", "object_repr": "sophia-admin | Play video games |  Date: 2021-11-19 Completed: False", "action_flag": 3, "change_message": ""}}, {"model": "admin.logentry", "pk": 76, "fields": {"action_time": "2021-11-26T06:42:32.976Z", "user": 1, "content_type": 4, "object_id": "111", "object_repr": "sophia-admin | Work out |  Date: 2021-11-19 Completed: False", "action_flag": 3, "change_message": ""}}, {"model": "admin.logentry", "pk": 77, "fields": {"action_time": "2021-11-26T06:42:32.982Z", "user": 1, "content_type": 4, "object_id": "110", "object_repr": "sophia-admin | Work out |  Date: 2021-10-17 Completed: True", "action_flag": 3, "change_message": ""}}, {"model": "admin.logentry", "pk": 78, "fields": {"action_time": "2021-11-26T06:42:32.987Z", "user": 1, "content_type": 4, "object_id": "109", "object_repr": "sophia-admin | Work out |  Date: 2021-10-27 Completed: True", "action_flag": 3, "change_message": ""}}, {"model": "admin.logentry", "pk": 79, "fields": {"action_time": "2021-11-26T06:42:32.988Z", "user": 1, "content_type": 4, "object_id": "108", "object_repr": "sophia-admin | Work out |  Date: 2021-11-06 Completed: True", "action_flag": 3, "change_message": ""}}, {"model": "admin.logentry", "pk": 80, "fields": {"action_time": "2021-11-26T06:42:32.990Z", "user": 1, "content_type": 4, "object_id": "107", "object_repr": "sophia-admin | Work out |  Date: 2021-11-16 Completed: True", "action_flag": 3, "change_message": ""}}, {"model": "admin.logentry", "pk": 81, "fields": {"action_time": "2021-11-26T06:42:32.992Z", "user": 1, "content_type": 4, "object_id": "106", "object_repr": "sophia-admin | Work out |  Date: 2021-09-27 Completed: False", "action_flag": 3, "change_message": ""}}, {"model": "admin.logentry", "pk": 82, "fields": {"action_time": "2021-11-26T06:42:32.998Z", "user": 1, "content_type": 4, "object_id": "105", "object_repr": "sophia-admin | Work out |  Date: 2021-09-20 Completed: True", "action_flag": 3, "change_message": ""}}, {"model": "admin.logentry", "pk": 83, "fields": {"action_time": "2021-11-26T06:42:33.003Z", "user": 1, "content_type": 4, "object_id": "104", "object_repr": "sophia-admin | Work out |  Date: 2021-11-27 Completed: True", "action_flag": 3, "change_message": ""}}, {"model": "admin.logentry", "pk": 84, "fields": {"action_time": "2021-11-26T06:42:33.007Z", "user": 1, "content_type": 4, "object_id": "103", "object_repr": "sophia-admin | Play video games |  Date: 2021-12-02 Completed: False", "action_flag": 3, "change_message": ""}}, {"model": "admin.logentry", "pk": 85, "fields": {"action_time": "2021-11-26T06:42:33.012Z", "user": 1, "content_type": 4, "object_id": "102", "object_repr": "sophia-admin | Work out |  Date: 2021-12-03 Completed: False", "action_flag": 3, "change_message": ""}}, {"model": "admin.logentry", "pk": 86, "fields": {"action_time": "2021-11-26T06:42:33.018Z", "user": 1, "content_type": 4, "object_id": "101", "object_repr": "sophia-admin | Play video games |  Date: 2021-11-22 Completed: True", "action_flag": 3, "change_message": ""}}, {"model": "admin.logentry", "pk": 87, "fields": {"action_time": "2021-11-26T06:42:33.022Z", "user": 1, "content_type": 4, "object_id": "100", "object_repr": "sophia-admin | Play video games |  Date: 2021-11-23 Completed: True", "action_flag": 3, "change_message": ""}}, {"model": "admin.logentry", "pk": 88, "fields": {"action_time": "2021-11-26T06:42:33.027Z", "user": 1, "content_type": 4, "object_id": "99", "object_repr": "sophia-admin | Play video games |  Date: 2021-11-21 Completed: False", "action_flag": 3, "change_message": ""}}, {"model": "admin.logentry", "pk": 89, "fields": {"action_time": "2021-11-26T06:42:33.031Z", "user": 1, "content_type": 4, "object_id": "98", "object_repr": "sophia-admin | Play video games |  Date: 2021-11-25 Completed: False", "action_flag": 3, "change_message": ""}}, {"model": "admin.logentry", "pk": 90, "fields": {"action_time": "2021-11-26T06:42:33.033Z", "user": 1, "content_type": 4, "object_id": "97", "object_repr": "sophia-admin | Play video games |  Date: 2021-11-26 Completed: True", "action_flag": 3, "change_message": ""}}, {"model": "admin.logentry", "pk": 91, "fields": {"action_time": "2021-11-26T06:42:33.035Z", "user": 1, "content_type": 4, "object_id": "96", "object_repr": "sophia-admin | Play video games |  Date: 2021-11-24 Completed: False", "action_flag": 3, "change_message": ""}}, {"model": "admin.logentry", "pk": 92, "fields": {"action_time": "2021-11-26T06:42:33.037Z", "user": 1, "content_type": 4, "object_id": "94", "object_repr": "sophia-admin | Study for 4 hours |  Date: 2021-11-26 Completed: True", "action_flag": 3, "change_message": ""}}, {"model": "admin.logentry", "pk": 93, "fields": {"action_time": "2021-11-26T06:42:33.038Z", "user": 1, "content_type": 4, "object_id": "93", "object_repr": "sophia-admin | Catch up with friends |  Date: 2021-11-23 Completed: False", "action_flag": 3, "change_message": ""}}, {"model": "admin.logentry", "pk": 94, "fields": {"action_time": "2021-11-26T06:42:33.040Z", "user": 1, "content_type": 4, "object_id": "92", "object_repr": "sophia-admin | Catch up with friends |  Date: 2021-11-25 Completed: False", "action_flag": 3, "change_message": ""}}, {"model": "admin.logentry", "pk": 95, "fields": {"action_time": "2021-11-26T06:42:33.042Z", "user": 1, "content_type": 4, "object_id": "91", "object_repr": "sophia-admin | Work out |  Date: 2021-11-26 Completed: True", "action_flag": 3, "change_message": ""}}, {"model": "admin.logentry", "pk": 96, "fields": {"action_time": "2021-11-26T06:42:33.043Z", "user": 1, "content_type": 4, "object_id": "90", "object_repr": "sophia-admin | Study for 4 hours |  Date: 2021-11-25 Completed: True", "action_flag": 3, "change_message": ""}}, {"model": "admin.logentry", "pk": 97, "fields": {"action_time": "2021-11-26T06:42:33.045Z", "user": 1, "content_type": 4, "object_id": "89", "object_repr": "sophia-admin | Study for 4 hours |  Date: 2021-11-24 Completed: True", "action_flag": 3, "change_message": ""}}, {"model": "admin.logentry", "pk": 98, "fields": {"action_time": "2021-11-26T06:42:33.047Z", "user": 1, "content_type": 4, "object_id": "88", "object_repr": "sophia-admin | Study for 4 hours |  Date: 2021-11-23 Completed: True", "action_flag": 3, "change_message": ""}}, {"model": "admin.logentry", "pk": 99, "fields": {"action_time": "2021-11-26T06:42:33.050Z", "user": 1, "content_type": 4, "object_id": "87", "object_repr": "sophia-admin | Study for 4 hours |  Date: 2021-11-22 Completed: True", "action_flag": 3, "change_message": ""}}, {"model": "admin.logentry", "pk": 100, "fields": {"action_time": "2021-11-26T06:42:33.052Z", "user": 1, "content_type": 4, "object_id": "86", "object_repr": "sophia-admin | Work out |  Date: 2021-11-21 Completed: True", "action_flag": 3, "change_message": ""}}, {"model": "admin.logentry", "pk": 101, "fields": {"action_time": "2021-11-26T06:42:33.054Z", "user": 1, "content_type": 4, "object_id": "85", "object_repr": "sophia-admin | Work out |  Date: 2021-11-22 Completed: True", "action_flag": 3, "change_message": ""}}, {"model": "admin.logentry", "pk": 102, "fields": {"action_time": "2021-11-26T06:42:33.055Z", "user": 1, "content_type": 4, "object_id": "84", "object_repr": "sophia-admin | Work out |  Date: 2021-11-23 Completed: True", "action_flag": 3, "change_message": ""}}, {"model": "admin.logentry", "pk": 103, "fields": {"action_time": "2021-11-26T06:42:33.057Z", "user": 1, "content_type": 4, "object_id": "83", "object_repr": "sophia-admin | Work out |  Date: 2021-11-25 Completed: True", "action_flag": 3, "change_message": ""}}, {"model": "admin.logentry", "pk": 104, "fields": {"action_time": "2021-11-26T06:54:04.294Z", "user": 1, "content_type": 4, "object_id": "126", "object_repr": "sophia-admin | Play video games |  Date: 2021-10-17 Completed: False", "action_flag": 3, "change_message": ""}}, {"model": "admin.logentry", "pk": 105, "fields": {"action_time": "2021-11-26T06:54:04.306Z", "user": 1, "content_type": 4, "object_id": "125", "object_repr": "sophia-admin | Play video games |  Date: 2021-10-27 Completed: False", "action_flag": 3, "change_message": ""}}, {"model": "admin.logentry", "pk": 106, "fields": {"action_time": "2021-11-26T06:54:04.308Z", "user": 1, "content_type": 4, "object_id": "124", "object_repr": "sophia-admin | Play video games |  Date: 2021-11-06 Completed: False", "action_flag": 3, "change_message": ""}}, {"model": "admin.logentry", "pk": 107, "fields": {"action_time": "2021-11-26T06:54:04.309Z", "user": 1, "content_type": 4, "object_id": "123", "object_repr": "sophia-admin | Play video games |  Date: 2021-11-16 Completed: False", "action_flag": 3, "change_message": ""}}, {"model": "admin.logentry", "pk": 108, "fields": {"action_time": "2021-11-26T06:54:04.311Z", "user": 1, "content_type": 4, "object_id": "122", "object_repr": "sophia-admin | Work out |  Date: 2021-11-09 Completed: True", "action_flag": 3, "change_message": ""}}, {"model": "admin.logentry", "pk": 109, "fields": {"action_time": "2021-11-26T06:54:04.313Z", "user": 1, "content_type": 4, "object_id": "121", "object_repr": "sophia-admin | Work out |  Date: 2021-11-19 Completed: True", "action_flag": 3, "change_message": ""}}, {"model": "admin.logentry", "pk": 110, "fields": {"action_time": "2021-11-26T06:54:04.314Z", "user": 1, "content_type": 4, "object_id": "120", "object_repr": "sophia-admin | Work out |  Date: 2021-11-16 Completed: False", "action_flag": 3, "change_message": ""}}, {"model": "admin.logentry", "pk": 111, "fields": {"action_time": "2021-11-26T06:54:04.316Z", "user": 1, "content_type": 4, "object_id": "119", "object_repr": "sophia-admin | Work out |  Date: 2021-11-06 Completed: False", "action_flag": 3, "change_message": ""}}, {"model": "admin.logentry", "pk": 112, "fields": {"action_time": "2021-11-26T06:54:04.318Z", "user": 1, "content_type": 4, "object_id": "118", "object_repr": "sophia-admin | Work out |  Date: 2021-11-26 Completed: True", "action_flag": 3, "change_message": ""}}, {"model": "admin.logentry", "pk": 113, "fields": {"action_time": "2021-11-26T07:00:44.986Z", "user": 1, "content_type": 4, "object_id": "138", "object_repr": "sophia-admin | Work out |  Date: 2014-06-26 Completed: False", "action_flag": 3, "change_message": ""}}, {"model": "admin.logentry", "pk": 114, "fields": {"action_time": "2021-11-26T07:00:44.999Z", "user": 1, "content_type": 4, "object_id": "137", "object_repr": "sophia-admin | Work out |  Date: 2019-12-17 Completed: False", "action_flag": 3, "change_message": ""}}, {"model": "admin.logentry", "pk": 115, "fields": {"action_time": "2021-11-26T07:00:45.002Z", "user": 1, "content_type": 4, "object_id": "136", "object_repr": "sophia-admin | Work out |  Date: 2021-11-19 Completed: True", "action_flag": 3, "change_message": ""}}, {"model": "admin.logentry", "pk": 116, "fields": {"action_time": "2021-11-26T07:00:45.004Z", "user": 1, "content_type": 4, "object_id": "135", "object_repr": "sophia-admin | Work out |  Date: 2021-10-30 Completed: True", "action_flag": 3, "change_message": ""}}, {"model": "admin.logentry", "pk": 117, "fields": {"action_time": "2021-11-26T07:00:45.007Z", "user": 1, "content_type": 4, "object_id": "134", "object_repr": "sophia-admin | Work out |  Date: 2021-11-09 Completed: True", "action_flag": 3, "change_message": ""}}, {"model": "admin.logentry", "pk": 118, "fields": {"action_time": "2021-11-26T07:00:45.008Z", "user": 1, "content_type": 4, "object_id": "133", "object_repr": "sophia-admin | Work out |  Date: 2021-11-24 Completed: False", "action_flag": 3, "change_message": ""}}, {"model": "admin.logentry", "pk": 119, "fields": {"action_time": "2021-11-26T07:00:45.010Z", "user": 1, "content_type": 4, "object_id": "132", "object_repr": "sophia-admin | Work out |  Date: 2021-11-25 Completed: False", "action_flag": 3, "change_message": ""}}, {"model": "admin.logentry", "pk": 120, "fields": {"action_time": "2021-11-26T07:00:45.012Z", "user": 1, "content_type": 4, "object_id": "131", "object_repr": "sophia-admin | Work out |  Date: 2016-05-26 Completed: False", "action_flag": 3, "change_message": ""}}, {"model": "admin.logentry", "pk": 121, "fields": {"action_time": "2021-11-26T07:00:45.014Z", "user": 1, "content_type": 4, "object_id": "130", "object_repr": "sophia-admin | Work out |  Date: 2019-02-20 Completed: False", "action_flag": 3, "change_message": ""}}, {"model": "admin.logentry", "pk": 122, "fields": {"action_time": "2021-11-26T07:00:45.017Z", "user": 1, "content_type": 4, "object_id": "129", "object_repr": "sophia-admin | Work out |  Date: 2021-11-06 Completed: True", "action_flag": 3, "change_message": ""}}, {"model": "admin.logentry", "pk": 123, "fields": {"action_time": "2021-11-26T07:00:45.019Z", "user": 1, "content_type": 4, "object_id": "128", "object_repr": "sophia-admin | Work out |  Date: 2021-11-16 Completed: False", "action_flag": 3, "change_message": ""}}, {"model": "admin.logentry", "pk": 124, "fields": {"action_time": "2021-11-26T07:00:45.021Z", "user": 1, "content_type": 4, "object_id": "127", "object_repr": "sophia-admin | Work out |  Date: 2021-11-26 Completed: True", "action_flag": 3, "change_message": ""}}, {"model": "admin.logentry", "pk": 125, "fields": {"action_time": "2021-11-26T07:10:59.644Z", "user": 1, "content_type": 4, "object_id": "159", "object_repr": "sophia-admin | Work out |  Date: 2021-11-17 Completed: False", "action_flag": 3, "change_message": ""}}, {"model": "admin.logentry", "pk": 126, "fields": {"action_time": "2021-11-26T07:10:59.656Z", "user": 1, "content_type": 4, "object_id": "158", "object_repr": "sophia-admin | Work out |  Date: 2021-11-18 Completed: False", "action_flag": 3, "change_message": ""}}, {"model": "admin.logentry", "pk": 127, "fields": {"action_time": "2021-11-26T07:10:59.658Z", "user": 1, "content_type": 4, "object_id": "157", "object_repr": "sophia-admin | Work out |  Date: 2021-10-10 Completed: True", "action_flag": 3, "change_message": ""}}, {"model": "admin.logentry", "pk": 128, "fields": {"action_time": "2021-11-26T07:10:59.660Z", "user": 1, "content_type": 4, "object_id": "156", "object_repr": "sophia-admin | Work out |  Date: 2021-10-20 Completed: True", "action_flag": 3, "change_message": ""}}, {"model": "admin.logentry", "pk": 129, "fields": {"action_time": "2021-11-26T07:10:59.662Z", "user": 1, "content_type": 4, "object_id": "155", "object_repr": "sophia-admin | Work out |  Date: 2021-10-30 Completed: True", "action_flag": 3, "change_message": ""}}, {"model": "admin.logentry", "pk": 130, "fields": {"action_time": "2021-11-26T07:10:59.664Z", "user": 1, "content_type": 4, "object_id": "154", "object_repr": "sophia-admin | Work out |  Date: 2021-11-09 Completed: False", "action_flag": 3, "change_message": ""}}, {"model": "admin.logentry", "pk": 131, "fields": {"action_time": "2021-11-26T07:10:59.665Z", "user": 1, "content_type": 4, "object_id": "153", "object_repr": "sophia-admin | Work out |  Date: 2021-11-19 Completed: False", "action_flag": 3, "change_message": ""}}, {"model": "admin.logentry", "pk": 132, "fields": {"action_time": "2021-11-26T07:10:59.667Z", "user": 1, "content_type": 4, "object_id": "152", "object_repr": "sophia-admin | Work out |  Date: 2021-09-27 Completed: True", "action_flag": 3, "change_message": ""}}, {"model": "admin.logentry", "pk": 133, "fields": {"action_time": "2021-11-26T07:10:59.669Z", "user": 1, "content_type": 4, "object_id": "151", "object_repr": "sophia-admin | Work out |  Date: 2021-10-07 Completed: True", "action_flag": 3, "change_message": ""}}, {"model": "admin.logentry", "pk": 134, "fields": {"action_time": "2021-11-26T07:10:59.670Z", "user": 1, "content_type": 4, "object_id": "150", "object_repr": "sophia-admin | Work out |  Date: 2021-10-17 Completed: True", "action_flag": 3, "change_message": ""}}, {"model": "admin.logentry", "pk": 135, "fields": {"action_time": "2021-11-26T07:10:59.672Z", "user": 1, "content_type": 4, "object_id": "149", "object_repr": "sophia-admin | Work out |  Date: 2021-10-27 Completed: True", "action_flag": 3, "change_message": ""}}, {"model": "admin.logentry", "pk": 136, "fields": {"action_time": "2021-11-26T07:10:59.673Z", "user": 1, "content_type": 4, "object_id": "148", "object_repr": "sophia-admin | Work out |  Date: 2021-12-05 Completed: True", "action_flag": 3, "change_message": ""}}, {"model": "admin.logentry", "pk": 137, "fields": {"action_time": "2021-11-26T07:10:59.676Z", "user": 1, "content_type": 4, "object_id": "147", "object_repr": "sophia-admin | Work out |  Date: 2021-11-06 Completed: True", "action_flag": 3, "change_message": ""}}, {"model": "admin.logentry", "pk": 138, "fields": {"action_time": "2021-11-26T07:10:59.677Z", "user": 1, "content_type": 4, "object_id": "146", "object_repr": "sophia-admin | Work out |  Date: 2021-11-16 Completed: False", "action_flag": 3, "change_message": ""}}, {"model": "admin.logentry", "pk": 139, "fields": {"action_time": "2021-11-26T07:10:59.679Z", "user": 1, "content_type": 4, "object_id": "145", "object_repr": "sophia-admin | Work out |  Date: 2021-11-20 Completed: True", "action_flag": 3, "change_message": ""}}, {"model": "admin.logentry", "pk": 140, "fields": {"action_time": "2021-11-26T07:10:59.680Z", "user": 1, "content_type": 4, "object_id": "144", "object_repr": "sophia-admin | Work out |  Date: 2021-11-21 Completed: True", "action_flag": 3, "change_message": ""}}, {"model": "admin.logentry", "pk": 141, "fields": {"action_time": "2021-11-26T07:10:59.682Z", "user": 1, "content_type": 4, "object_id": "143", "object_repr": "sophia-admin | Work out |  Date: 2021-11-22 Completed: True", "action_flag": 3, "change_message": ""}}, {"model": "admin.logentry", "pk": 142, "fields": {"action_time": "2021-11-26T07:10:59.684Z", "user": 1, "content_type": 4, "object_id": "142", "object_repr": "sophia-admin | Work out |  Date: 2021-11-23 Completed: True", "action_flag": 3, "change_message": ""}}, {"model": "admin.logentry", "pk": 143, "fields": {"action_time": "2021-11-26T07:10:59.685Z", "user": 1, "content_type": 4, "object_id": "141", "object_repr": "sophia-admin | Work out |  Date: 2021-11-24 Completed: True", "action_flag": 3, "change_message": ""}}, {"model": "admin.logentry", "pk": 144, "fields": {"action_time": "2021-11-26T07:10:59.687Z", "user": 1, "content_type": 4, "object_id": "140", "object_repr": "sophia-admin | Work out |  Date: 2021-11-25 Completed: True", "action_flag": 3, "change_message": ""}}, {"model": "admin.logentry", "pk": 145, "fields": {"action_time": "2021-11-26T07:10:59.688Z", "user": 1, "content_type": 4, "object_id": "139", "object_repr": "sophia-admin | Work out |  Date: 2021-11-26 Completed: False", "action_flag": 3, "change_message": ""}}, {"model": "admin.logentry", "pk": 146, "fields": {"action_time": "2021-11-26T07:11:47.176Z", "user": 1, "content_type": 4, "object_id": "167", "object_repr": "sophia-admin | Catch up with friends |  Date: 2021-11-23 Completed: False", "action_flag": 3, "change_message": ""}}, {"model": "admin.logentry", "pk": 147, "fields": {"action_time": "2021-11-26T07:11:47.178Z", "user": 1, "content_type": 4, "object_id": "166", "object_repr": "sophia-admin | Work out |  Date: 2021-11-20 Completed: True", "action_flag": 3, "change_message": ""}}, {"model": "admin.logentry", "pk": 148, "fields": {"action_time": "2021-11-26T07:11:47.180Z", "user": 1, "content_type": 4, "object_id": "165", "object_repr": "sophia-admin | Work out |  Date: 2021-11-21 Completed: True", "action_flag": 3, "change_message": ""}}, {"model": "admin.logentry", "pk": 149, "fields": {"action_time": "2021-11-26T07:11:47.182Z", "user": 1, "content_type": 4, "object_id": "164", "object_repr": "sophia-admin | Work out |  Date: 2021-11-22 Completed: True", "action_flag": 3, "change_message": ""}}, {"model": "admin.logentry", "pk": 150, "fields": {"action_time": "2021-11-26T07:11:47.183Z", "user": 1, "content_type": 4, "object_id": "163", "object_repr": "sophia-admin | Work out |  Date: 2021-11-23 Completed: True", "action_flag": 3, "change_message": ""}}, {"model": "admin.logentry", "pk": 151, "fields": {"action_time": "2021-11-26T07:11:47.185Z", "user": 1, "content_type": 4, "object_id": "162", "object_repr": "sophia-admin | Work out |  Date: 2021-11-24 Completed: False", "action_flag": 3, "change_message": ""}}, {"model": "admin.logentry", "pk": 152, "fields": {"action_time": "2021-11-26T07:11:47.187Z", "user": 1, "content_type": 4, "object_id": "161", "object_repr": "sophia-admin | Work out |  Date: 2021-11-25 Completed: True", "action_flag": 3, "change_message": ""}}, {"model": "admin.logentry", "pk": 153, "fields": {"action_time": "2021-11-26T07:11:47.189Z", "user": 1, "content_type": 4, "object_id": "160", "object_repr": "sophia-admin | Work out |  Date: 2021-11-26 Completed: True", "action_flag": 3, "change_message": ""}}, {"model": "admin.logentry", "pk": 154, "fields": {"action_time": "2021-11-26T07:13:37.246Z", "user": 1, "content_type": 4, "object_id": "181", "object_repr": "sophia-admin | Work out |  Date: 2021-11-19 Completed: True", "action_flag": 3, "change_message": ""}}, {"model": "admin.logentry", "pk": 155, "fields": {"action_time": "2021-11-26T07:13:37.249Z", "user": 1, "content_type": 4, "object_id": "180", "object_repr": "sophia-admin | Work out |  Date: 2021-11-18 Completed: True", "action_flag": 3, "change_message": ""}}, {"model": "admin.logentry", "pk": 156, "fields": {"action_time": "2021-11-26T07:13:37.251Z", "user": 1, "content_type": 4, "object_id": "179", "object_repr": "sophia-admin | Work out |  Date: 2021-11-17 Completed: True", "action_flag": 3, "change_message": ""}}, {"model": "admin.logentry", "pk": 157, "fields": {"action_time": "2021-11-26T07:13:37.253Z", "user": 1, "content_type": 4, "object_id": "178", "object_repr": "sophia-admin | Work out |  Date: 2021-11-16 Completed: True", "action_flag": 3, "change_message": ""}}, {"model": "admin.logentry", "pk": 158, "fields": {"action_time": "2021-11-26T07:13:37.254Z", "user": 1, "content_type": 4, "object_id": "177", "object_repr": "sophia-admin | Work out |  Date: 2021-11-15 Completed: True", "action_flag": 3, "change_message": ""}}, {"model": "admin.logentry", "pk": 159, "fields": {"action_time": "2021-11-26T07:13:37.256Z", "user": 1, "content_type": 4, "object_id": "176", "object_repr": "sophia-admin | Work out |  Date: 2021-11-14 Completed: True", "action_flag": 3, "change_message": ""}}, {"model": "admin.logentry", "pk": 160, "fields": {"action_time": "2021-11-26T07:13:37.258Z", "user": 1, "content_type": 4, "object_id": "175", "object_repr": "sophia-admin | Work out |  Date: 2021-11-13 Completed: False", "action_flag": 3, "change_message": ""}}, {"model": "admin.logentry", "pk": 161, "fields": {"action_time": "2021-11-26T07:13:37.260Z", "user": 1, "content_type": 4, "object_id": "174", "object_repr": "sophia-admin | Work out |  Date: 2021-11-20 Completed: True", "action_flag": 3, "change_message": ""}}, {"model": "admin.logentry", "pk": 162, "fields": {"action_time": "2021-11-26T07:13:37.261Z", "user": 1, "content_type": 4, "object_id": "173", "object_repr": "sophia-admin | Work out |  Date: 2021-11-21 Completed: True", "action_flag": 3, "change_message": ""}}, {"model": "admin.logentry", "pk": 163, "fields": {"action_time": "2021-11-26T07:13:37.263Z", "user": 1, "content_type": 4, "object_id": "172", "object_repr": "sophia-admin | Work out |  Date: 2021-11-22 Completed: True", "action_flag": 3, "change_message": ""}}, {"model": "admin.logentry", "pk": 164, "fields": {"action_time": "2021-11-26T07:13:37.264Z", "user": 1, "content_type": 4, "object_id": "171", "object_repr": "sophia-admin | Work out |  Date: 2021-11-23 Completed: True", "action_flag": 3, "change_message": ""}}, {"model": "admin.logentry", "pk": 165, "fields": {"action_time": "2021-11-26T07:13:37.266Z", "user": 1, "content_type": 4, "object_id": "170", "object_repr": "sophia-admin | Work out |  Date: 2021-11-24 Completed: True", "action_flag": 3, "change_message": ""}}, {"model": "admin.logentry", "pk": 166, "fields": {"action_time": "2021-11-26T07:13:37.268Z", "user": 1, "content_type": 4, "object_id": "169", "object_repr": "sophia-admin | Work out |  Date: 2021-11-25 Completed: True", "action_flag": 3, "change_message": ""}}, {"model": "admin.logentry", "pk": 167, "fields": {"action_time": "2021-11-26T07:13:37.270Z", "user": 1, "content_type": 4, "object_id": "168", "object_repr": "sophia-admin | Work out |  Date: 2021-11-26 Completed: True", "action_flag": 3, "change_message": ""}}, {"model": "admin.logentry", "pk": 168, "fields": {"action_time": "2021-11-26T10:41:05.345Z", "user": 1, "content_type": 4, "object_id": "217", "object_repr": "sophia-admin | Play video games |  Date: 2021-11-19 Completed: True", "action_flag": 3, "change_message": ""}}, {"model": "admin.logentry", "pk": 169, "fields": {"action_time": "2021-11-26T10:41:05.348Z", "user": 1, "content_type": 4, "object_id": "216", "object_repr": "sophia-admin | Play video games |  Date: 2021-11-17 Completed: True", "action_flag": 3, "change_message": ""}}, {"model": "admin.logentry", "pk": 170, "fields": {"action_time": "2021-11-26T10:41:05.349Z", "user": 1, "content_type": 4, "object_id": "215", "object_repr": "sophia-admin | Play video games |  Date: 2021-11-15 Completed: True", "action_flag": 3, "change_message": ""}}, {"model": "admin.logentry", "pk": 171, "fields": {"action_time": "2021-11-26T10:41:05.351Z", "user": 1, "content_type": 4, "object_id": "214", "object_repr": "sophia-admin | Play video games |  Date: 2021-11-13 Completed: True", "action_flag": 3, "change_message": ""}}, {"model": "admin.logentry", "pk": 172, "fields": {"action_time": "2021-11-26T10:41:05.353Z", "user": 1, "content_type": 4, "object_id": "213", "object_repr": "sophia-admin | Study for 4 hours |  Date: 2021-11-14 Completed: True", "action_flag": 3, "change_message": ""}}, {"model": "admin.logentry", "pk": 173, "fields": {"action_time": "2021-11-26T10:41:05.354Z", "user": 1, "content_type": 4, "object_id": "212", "object_repr": "sophia-admin | Study for 4 hours |  Date: 2021-11-16 Completed: True", "action_flag": 3, "change_message": ""}}, {"model": "admin.logentry", "pk": 174, "fields": {"action_time": "2021-11-26T10:41:05.356Z", "user": 1, "content_type": 4, "object_id": "211", "object_repr": "sophia-admin | Study for 4 hours |  Date: 2021-11-18 Completed: True", "action_flag": 3, "change_message": ""}}, {"model": "admin.logentry", "pk": 175, "fields": {"action_time": "2021-11-26T10:41:05.358Z", "user": 1, "content_type": 4, "object_id": "210", "object_repr": "sophia-admin | Catch up with friends |  Date: 2021-11-19 Completed: True", "action_flag": 3, "change_message": ""}}, {"model": "admin.logentry", "pk": 176, "fields": {"action_time": "2021-11-26T10:41:05.360Z", "user": 1, "content_type": 4, "object_id": "209", "object_repr": "sophia-admin | Catch up with friends |  Date: 2021-11-17 Completed: True", "action_flag": 3, "change_message": ""}}, {"model": "admin.logentry", "pk": 177, "fields": {"action_time": "2021-11-26T10:41:05.362Z", "user": 1, "content_type": 4, "object_id": "208", "object_repr": "sophia-admin | Catch up with friends |  Date: 2021-11-15 Completed: True", "action_flag": 3, "change_message": ""}}, {"model": "admin.logentry", "pk": 178, "fields": {"action_time": "2021-11-26T10:41:05.364Z", "user": 1, "content_type": 4, "object_id": "207", "object_repr": "sophia-admin | Catch up with friends |  Date: 2021-11-13 Completed: True", "action_flag": 3, "change_message": ""}}, {"model": "admin.logentry", "pk": 179, "fields": {"action_time": "2021-11-26T10:41:05.365Z", "user": 1, "content_type": 4, "object_id": "206", "object_repr": "sophia-admin | Play video games |  Date: 2021-11-25 Completed: True", "action_flag": 3, "change_message": ""}}, {"model": "admin.logentry", "pk": 180, "fields": {"action_time": "2021-11-26T10:41:05.367Z", "user": 1, "content_type": 4, "object_id": "205", "object_repr": "sophia-admin | Play video games |  Date: 2021-11-23 Completed: True", "action_flag": 3, "change_message": ""}}, {"model": "admin.logentry", "pk": 181, "fields": {"action_time": "2021-11-26T10:41:05.369Z", "user": 1, "content_type": 4, "object_id": "204", "object_repr": "sophia-admin | Play video games |  Date: 2021-11-21 Completed: True", "action_flag": 3, "change_message": ""}}, {"model": "admin.logentry", "pk": 182, "fields": {"action_time": "2021-11-26T10:41:05.370Z", "user": 1, "content_type": 4, "object_id": "203", "object_repr": "sophia-admin | Study for 4 hours |  Date: 2021-11-20 Completed: True", "action_flag": 3, "change_message": ""}}, {"model": "admin.logentry", "pk": 183, "fields": {"action_time": "2021-11-26T10:41:05.372Z", "user": 1, "content_type": 4, "object_id": "202", "object_repr": "sophia-admin | Study for 4 hours |  Date: 2021-11-22 Completed: True", "action_flag": 3, "change_message": ""}}, {"model": "admin.logentry", "pk": 184, "fields": {"action_time": "2021-11-26T10:41:05.373Z", "user": 1, "content_type": 4, "object_id": "201", "object_repr": "sophia-admin | Study for 4 hours |  Date: 2021-11-24 Completed: True", "action_flag": 3, "change_message": ""}}, {"model": "admin.logentry", "pk": 185, "fields": {"action_time": "2021-11-26T10:41:05.375Z", "user": 1, "content_type": 4, "object_id": "200", "object_repr": "sophia-admin | Study for 4 hours |  Date: 2021-11-26 Completed: True", "action_flag": 3, "change_message": ""}}, {"model": "admin.logentry", "pk": 186, "fields": {"action_time": "2021-11-26T10:41:05.378Z", "user": 1, "content_type": 4, "object_id": "199", "object_repr": "sophia-admin | Catch up with friends |  Date: 2021-11-25 Completed: True", "action_flag": 3, "change_message": ""}}, {"model": "admin.logentry", "pk": 187, "fields": {"action_time": "2021-11-26T10:41:05.380Z", "user": 1, "content_type": 4, "object_id": "198", "object_repr": "sophia-admin | Catch up with friends |  Date: 2021-11-23 Completed: True", "action_flag": 3, "change_message": ""}}, {"model": "admin.logentry", "pk": 188, "fields": {"action_time": "2021-11-26T10:41:05.381Z", "user": 1, "content_type": 4, "object_id": "197", "object_repr": "sophia-admin | Catch up with friends |  Date: 2021-11-21 Completed: True", "action_flag": 3, "change_message": ""}}, {"model": "admin.logentry", "pk": 189, "fields": {"action_time": "2021-11-26T10:41:05.384Z", "user": 1, "content_type": 4, "object_id": "196", "object_repr": "sophia-admin | Study for 4 hours |  Date: 2021-10-31 Completed: False", "action_flag": 3, "change_message": ""}}, {"model": "admin.logentry", "pk": 190, "fields": {"action_time": "2021-11-26T10:41:05.386Z", "user": 1, "content_type": 4, "object_id": "195", "object_repr": "sophia-admin | Study for 4 hours |  Date: 2021-11-06 Completed: False", "action_flag": 3, "change_message": ""}}, {"model": "admin.logentry", "pk": 191, "fields": {"action_time": "2021-11-26T10:41:05.388Z", "user": 1, "content_type": 4, "object_id": "194", "object_repr": "sophia-admin | Study for 4 hours |  Date: 2021-11-12 Completed: False", "action_flag": 3, "change_message": ""}}, {"model": "admin.logentry", "pk": 192, "fields": {"action_time": "2021-11-26T10:41:05.389Z", "user": 1, "content_type": 4, "object_id": "193", "object_repr": "sophia-admin | Study for 4 hours |  Date: 2021-11-11 Completed: False", "action_flag": 3, "change_message": ""}}, {"model": "admin.logentry", "pk": 193, "fields": {"action_time": "2021-11-26T10:41:05.391Z", "user": 1, "content_type": 4, "object_id": "192", "object_repr": "sophia-admin | Study for 4 hours |  Date: 2021-11-10 Completed: False", "action_flag": 3, "change_message": ""}}, {"model": "admin.logentry", "pk": 194, "fields": {"action_time": "2021-11-26T10:41:05.394Z", "user": 1, "content_type": 4, "object_id": "191", "object_repr": "sophia-admin | Study for 4 hours |  Date: 2021-11-09 Completed: False", "action_flag": 3, "change_message": ""}}, {"model": "admin.logentry", "pk": 195, "fields": {"action_time": "2021-11-26T10:41:05.397Z", "user": 1, "content_type": 4, "object_id": "190", "object_repr": "sophia-admin | Study for 4 hours |  Date: 2021-11-08 Completed: False", "action_flag": 3, "change_message": ""}}, {"model": "admin.logentry", "pk": 196, "fields": {"action_time": "2021-11-26T10:41:05.398Z", "user": 1, "content_type": 4, "object_id": "189", "object_repr": "sophia-admin | Study for 4 hours |  Date: 2021-11-07 Completed: False", "action_flag": 3, "change_message": ""}}, {"model": "admin.logentry", "pk": 197, "fields": {"action_time": "2021-11-26T10:41:05.400Z", "user": 1, "content_type": 4, "object_id": "188", "object_repr": "sophia-admin | Work out |  Date: 2021-11-14 Completed: True", "action_flag": 3, "change_message": ""}}, {"model": "admin.logentry", "pk": 198, "fields": {"action_time": "2021-11-26T10:41:05.402Z", "user": 1, "content_type": 4, "object_id": "187", "object_repr": "sophia-admin | Work out |  Date: 2021-11-16 Completed: True", "action_flag": 3, "change_message": ""}}, {"model": "admin.logentry", "pk": 199, "fields": {"action_time": "2021-11-26T10:41:05.404Z", "user": 1, "content_type": 4, "object_id": "186", "object_repr": "sophia-admin | Work out |  Date: 2021-11-18 Completed: True", "action_flag": 3, "change_message": ""}}, {"model": "admin.logentry", "pk": 200, "fields": {"action_time": "2021-11-26T10:41:05.406Z", "user": 1, "content_type": 4, "object_id": "185", "object_repr": "sophia-admin | Work out |  Date: 2021-11-24 Completed: True", "action_flag": 3, "change_message": ""}}, {"model": "admin.logentry", "pk": 201, "fields": {"action_time": "2021-11-26T10:41:05.407Z", "user": 1, "content_type": 4, "object_id": "184", "object_repr": "sophia-admin | Work out |  Date: 2021-11-22 Completed: True", "action_flag": 3, "change_message": ""}}, {"model": "admin.logentry", "pk": 202, "fields": {"action_time": "2021-11-26T10:41:05.409Z", "user": 1, "content_type": 4, "object_id": "183", "object_repr": "sophia-admin | Work out |  Date: 2021-11-20 Completed: True", "action_flag": 3, "change_message": ""}}, {"model": "admin.logentry", "pk": 203, "fields": {"action_time": "2021-11-26T10:41:05.411Z", "user": 1, "content_type": 4, "object_id": "182", "object_repr": "sophia-admin | Work out |  Date: 2021-11-26 Completed: True", "action_flag": 3, "change_message": ""}}, {"model": "admin.logentry", "pk": 204, "fields": {"action_time": "2021-12-02T10:07:04.082Z", "user": 1, "content_type": 4, "object_id": "252", "object_repr": "sophia-admin | Work out |  Date: 2021-11-28 Completed: True", "action_flag": 3, "change_message": ""}}, {"model": "admin.logentry", "pk": 205, "fields": {"action_time": "2021-12-02T10:07:04.098Z", "user": 1, "content_type": 4, "object_id": "251", "object_repr": "sophia-admin | Study for 4 hours |  Date: 2021-11-27 Completed: True", "action_flag": 3, "change_message": ""}}, {"model": "admin.logentry", "pk": 206, "fields": {"action_time": "2021-12-02T10:07:04.100Z", "user": 1, "content_type": 4, "object_id": "250", "object_repr": "sophia-admin | Study for 4 hours |  Date: 2021-11-21 Completed: False", "action_flag": 3, "change_message": ""}}, {"model": "admin.logentry", "pk": 207, "fields": {"action_time": "2021-12-02T10:07:04.105Z", "user": 1, "content_type": 4, "object_id": "249", "object_repr": "sophia-admin | Study for 4 hours |  Date: 2021-11-13 Completed: False", "action_flag": 3, "change_message": ""}}, {"model": "admin.logentry", "pk": 208, "fields": {"action_time": "2021-12-02T10:07:04.108Z", "user": 1, "content_type": 4, "object_id": "248", "object_repr": "sophia-admin | Study for 4 hours |  Date: 2021-11-14 Completed: False", "action_flag": 3, "change_message": ""}}, {"model": "admin.logentry", "pk": 209, "fields": {"action_time": "2021-12-02T10:07:04.114Z", "user": 1, "content_type": 4, "object_id": "247", "object_repr": "sophia-admin | Study for 4 hours |  Date: 2021-11-09 Completed: False", "action_flag": 3, "change_message": ""}}, {"model": "admin.logentry", "pk": 210, "fields": {"action_time": "2021-12-02T10:07:04.116Z", "user": 1, "content_type": 4, "object_id": "246", "object_repr": "sophia-admin | Study for 4 hours |  Date: 2021-11-12 Completed: False", "action_flag": 3, "change_message": ""}}, {"model": "admin.logentry", "pk": 211, "fields": {"action_time": "2021-12-02T10:07:04.120Z", "user": 1, "content_type": 4, "object_id": "245", "object_repr": "sophia-admin | Work out |  Date: 2021-11-12 Completed: False", "action_flag": 3, "change_message": ""}}, {"model": "admin.logentry", "pk": 212, "fields": {"action_time": "2021-12-02T10:07:04.122Z", "user": 1, "content_type": 4, "object_id": "244", "object_repr": "sophia-admin | Work out |  Date: 2021-11-06 Completed: False", "action_flag": 3, "change_message": ""}}, {"model": "admin.logentry", "pk": 213, "fields": {"action_time": "2021-12-02T10:07:04.127Z", "user": 1, "content_type": 4, "object_id": "243", "object_repr": "sophia-admin | Study for 4 hours |  Date: 2021-11-08 Completed: False", "action_flag": 3, "change_message": ""}}, {"model": "admin.logentry", "pk": 214, "fields": {"action_time": "2021-12-02T10:07:04.128Z", "user": 1, "content_type": 4, "object_id": "242", "object_repr": "sophia-admin | Work out |  Date: 2021-11-13 Completed: False", "action_flag": 3, "change_message": ""}}, {"model": "admin.logentry", "pk": 215, "fields": {"action_time": "2021-12-02T10:07:04.130Z", "user": 1, "content_type": 4, "object_id": "241", "object_repr": "sophia-admin | Work out |  Date: 2021-11-20 Completed: False", "action_flag": 3, "change_message": ""}}, {"model": "admin.logentry", "pk": 216, "fields": {"action_time": "2021-12-02T10:07:04.135Z", "user": 1, "content_type": 4, "object_id": "240", "object_repr": "sophia-admin | Study for 4 hours |  Date: 2021-11-20 Completed: False", "action_flag": 3, "change_message": ""}}, {"model": "admin.logentry", "pk": 217, "fields": {"action_time": "2021-12-02T10:07:04.139Z", "user": 1, "content_type": 4, "object_id": "239", "object_repr": "sophia-admin | Study for 4 hours |  Date: 2021-11-19 Completed: True", "action_flag": 3, "change_message": ""}}, {"model": "admin.logentry", "pk": 218, "fields": {"action_time": "2021-12-02T10:07:04.141Z", "user": 1, "content_type": 4, "object_id": "238", "object_repr": "sophia-admin | Study for 4 hours |  Date: 2021-11-18 Completed: True", "action_flag": 3, "change_message": ""}}, {"model": "admin.logentry", "pk": 219, "fields": {"action_time": "2021-12-02T10:07:04.143Z", "user": 1, "content_type": 4, "object_id": "237", "object_repr": "sophia-admin | Study for 4 hours |  Date: 2021-11-17 Completed: True", "action_flag": 3, "change_message": ""}}, {"model": "admin.logentry", "pk": 220, "fields": {"action_time": "2021-12-02T10:07:04.148Z", "user": 1, "content_type": 4, "object_id": "236", "object_repr": "sophia-admin | Study for 4 hours |  Date: 2021-11-16 Completed: True", "action_flag": 3, "change_message": ""}}, {"model": "admin.logentry", "pk": 221, "fields": {"action_time": "2021-12-02T10:07:04.150Z", "user": 1, "content_type": 4, "object_id": "235", "object_repr": "sophia-admin | Study for 4 hours |  Date: 2021-11-15 Completed: True", "action_flag": 3, "change_message": ""}}, {"model": "admin.logentry", "pk": 222, "fields": {"action_time": "2021-12-02T10:07:04.151Z", "user": 1, "content_type": 4, "object_id": "234", "object_repr": "sophia-admin | Work out |  Date: 2021-11-15 Completed: False", "action_flag": 3, "change_message": ""}}, {"model": "admin.logentry", "pk": 223, "fields": {"action_time": "2021-12-02T10:07:04.153Z", "user": 1, "content_type": 4, "object_id": "233", "object_repr": "sophia-admin | Work out |  Date: 2021-11-16 Completed: False", "action_flag": 3, "change_message": ""}}, {"model": "admin.logentry", "pk": 224, "fields": {"action_time": "2021-12-02T10:07:04.155Z", "user": 1, "content_type": 4, "object_id": "232", "object_repr": "sophia-admin | Work out |  Date: 2021-11-17 Completed: False", "action_flag": 3, "change_message": ""}}, {"model": "admin.logentry", "pk": 225, "fields": {"action_time": "2021-12-02T10:07:04.158Z", "user": 1, "content_type": 4, "object_id": "231", "object_repr": "sophia-admin | Work out |  Date: 2021-11-18 Completed: False", "action_flag": 3, "change_message": ""}}, {"model": "admin.logentry", "pk": 226, "fields": {"action_time": "2021-12-02T10:07:04.160Z", "user": 1, "content_type": 4, "object_id": "230", "object_repr": "sophia-admin | Work out |  Date: 2021-11-19 Completed: False", "action_flag": 3, "change_message": ""}}, {"model": "admin.logentry", "pk": 227, "fields": {"action_time": "2021-12-02T10:07:04.162Z", "user": 1, "content_type": 4, "object_id": "229", "object_repr": "sophia-admin | Work out |  Date: 2021-11-21 Completed: True", "action_flag": 3, "change_message": ""}}, {"model": "admin.logentry", "pk": 228, "fields": {"action_time": "2021-12-02T10:07:04.163Z", "user": 1, "content_type": 4, "object_id": "228", "object_repr": "sophia-admin | Study for 4 hours |  Date: 2021-11-26 Completed: False", "action_flag": 3, "change_message": ""}}, {"model": "admin.logentry", "pk": 229, "fields": {"action_time": "2021-12-02T10:07:04.165Z", "user": 1, "content_type": 4, "object_id": "226", "object_repr": "sophia-admin | Study for 4 hours |  Date: 2021-11-25 Completed: True", "action_flag": 3, "change_message": ""}}, {"model": "admin.logentry", "pk": 230, "fields": {"action_time": "2021-12-02T10:07:04.167Z", "user": 1, "content_type": 4, "object_id": "225", "object_repr": "sophia-admin | Study for 4 hours |  Date: 2021-11-24 Completed: True", "action_flag": 3, "change_message": ""}}, {"model": "admin.logentry", "pk": 231, "fields": {"action_time": "2021-12-02T10:07:04.168Z", "user": 1, "content_type": 4, "object_id": "224", "object_repr": "sophia-admin | Study for 4 hours |  Date: 2021-11-23 Completed: True", "action_flag": 3, "change_message": ""}}, {"model": "admin.logentry", "pk": 232, "fields": {"action_time": "2021-12-02T10:07:04.170Z", "user": 1, "content_type": 4, "object_id": "223", "object_repr": "sophia-admin | Study for 4 hours |  Date: 2021-11-22 Completed: True", "action_flag": 3, "change_message": ""}}, {"model": "admin.logentry", "pk": 233, "fields": {"action_time": "2021-12-02T10:07:04.173Z", "user": 1, "content_type": 4, "object_id": "222", "object_repr": "sophia-admin | Work out |  Date: 2021-11-26 Completed: True", "action_flag": 3, "change_message": ""}}, {"model": "admin.logentry", "pk": 234, "fields": {"action_time": "2021-12-02T10:07:04.175Z", "user": 1, "content_type": 4, "object_id": "221", "object_repr": "sophia-admin | Work out |  Date: 2021-11-25 Completed: True", "action_flag": 3, "change_message": ""}}, {"model": "admin.logentry", "pk": 235, "fields": {"action_time": "2021-12-02T10:07:04.176Z", "user": 1, "content_type": 4, "object_id": "220", "object_repr": "sophia-admin | Work out |  Date: 2021-11-24 Completed: False", "action_flag": 3, "change_message": ""}}, {"model": "admin.logentry", "pk": 236, "fields": {"action_time": "2021-12-02T10:07:04.178Z", "user": 1, "content_type": 4, "object_id": "219", "object_repr": "sophia-admin | Work out |  Date: 2021-11-23 Completed: True", "action_flag": 3, "change_message": ""}}, {"model": "admin.logentry", "pk": 237, "fields": {"action_time": "2021-12-02T10:07:04.180Z", "user": 1, "content_type": 4, "object_id": "218", "object_repr": "sophia-admin | Work out |  Date: 2021-11-22 Completed: True", "action_flag": 3, "change_message": ""}}, {"model": "admin.logentry", "pk": 238, "fields": {"action_time": "2021-12-02T11:06:25.090Z", "user": 1, "content_type": 2, "object_id": "8", "object_repr": "Hobbies", "action_flag": 3, "change_message": ""}}, {"model": "admin.logentry", "pk": 239, "fields": {"action_time": "2021-12-02T11:06:25.092Z", "user": 1, "content_type": 2, "object_id": "7", "object_repr": "Learning", "action_flag": 3, "change_message": ""}}, {"model": "admin.logentry", "pk": 240, "fields": {"action_time": "2021-12-02T11:06:25.094Z", "user": 1, "content_type": 2, "object_id": "6", "object_repr": "Diet", "action_flag": 3, "change_message": ""}}, {"model": "admin.logentry", "pk": 241, "fields": {"action_time": "2021-12-02T11:06:25.099Z", "user": 1, "content_type": 2, "object_id": "5", "object_repr": "Relationships", "action_flag": 3, "change_message": ""}}, {"model": "admin.logentry", "pk": 242, "fields": {"action_time": "2021-12-02T11:06:25.103Z", "user": 1, "content_type": 2, "object_id": "4", "object_repr": "Finances", "action_flag": 3, "change_message": ""}}, {"model": "admin.logentry", "pk": 243, "fields": {"action_time": "2021-12-02T11:06:25.108Z", "user": 1, "content_type": 2, "object_id": "3", "object_repr": "Productivity", "action_flag": 3, "change_message": ""}}, {"model": "admin.logentry", "pk": 244, "fields": {"action_time": "2021-12-02T11:06:25.113Z", "user": 1, "content_type": 2, "object_id": "2", "object_repr": "Fitness", "action_flag": 3, "change_message": ""}}, {"model": "admin.logentry", "pk": 245, "fields": {"action_time": "2021-12-02T11:06:25.117Z", "user": 1, "content_type": 2, "object_id": "1", "object_repr": "Health & Wellness", "action_flag": 3, "change_message": ""}}, {"model": "admin.logentry", "pk": 246, "fields": {"action_time": "2021-12-02T11:06:35.015Z", "user": 1, "content_type": 2, "object_id": "9", "object_repr": "Health", "action_flag": 1, "change_message": "[{\"added\": {}}]"}}, {"model": "admin.logentry", "pk": 247, "fields": {"action_time": "2021-12-02T11:06:40.825Z", "user": 1, "content_type": 2, "object_id": "10", "object_repr": "Fitness", "action_flag": 1, "change_message": "[{\"added\": {}}]"}}, {"model": "admin.logentry", "pk": 248, "fields": {"action_time": "2021-12-02T11:06:47.767Z", "user": 1, "content_type": 2, "object_id": "11", "object_repr": "Productivity", "action_flag": 1, "change_message": "[{\"added\": {}}]"}}, {"model": "admin.logentry", "pk": 249, "fields": {"action_time": "2021-12-02T11:06:55.412Z", "user": 1, "content_type": 2, "object_id": "12", "object_repr": "Finances", "action_flag": 1, "change_message": "[{\"added\": {}}]"}}, {"model": "admin.logentry", "pk": 250, "fields": {"action_time": "2021-12-02T11:06:59.658Z", "user": 1, "content_type": 2, "object_id": "13", "object_repr": "Diet", "action_flag": 1, "change_message": "[{\"added\": {}}]"}}, {"model": "admin.logentry", "pk": 251, "fields": {"action_time": "2021-12-02T11:07:04.376Z", "user": 1, "content_type": 2, "object_id": "14", "object_repr": "Relationships", "action_flag": 1, "change_message": "[{\"added\": {}}]"}}, {"model": "admin.logentry", "pk": 252, "fields": {"action_time": "2021-12-02T11:07:09.928Z", "user": 1, "content_type": 2, "object_id": "15", "object_repr": "Learning", "action_flag": 1, "change_message": "[{\"added\": {}}]"}}, {"model": "admin.logentry", "pk": 253, "fields": {"action_time": "2021-12-02T11:07:14.719Z", "user": 1, "content_type": 2, "object_id": "16", "object_repr": "Hobbies", "action_flag": 1, "change_message": "[{\"added\": {}}]"}}, {"model": "admin.logentry", "pk": 254, "fields": {"action_time": "2021-12-04T10:07:11.918Z", "user": 1, "content_type": 3, "object_id": "48", "object_repr": "Run", "action_flag": 1, "change_message": "[{\"added\": {}}]"}}, {"model": "admin.logentry", "pk": 255, "fields": {"action_time": "2021-12-04T10:07:32.971Z", "user": 1, "content_type": 3, "object_id": "49", "object_repr": "Read a book", "action_flag": 1, "change_message": "[{\"added\": {}}]"}}, {"model": "admin.logentry", "pk": 256, "fields": {"action_time": "2021-12-04T10:07:56.112Z", "user": 1, "content_type": 3, "object_id": "50", "object_repr": "Create a to-do list", "action_flag": 1, "change_message": "[{\"added\": {}}]"}}, {"model": "admin.logentry", "pk": 257, "fields": {"action_time": "2021-12-04T10:08:12.705Z", "user": 1, "content_type": 3, "object_id": "51", "object_repr": "Stretch", "action_flag": 1, "change_message": "[{\"added\": {}}]"}}, {"model": "admin.logentry", "pk": 258, "fields": {"action_time": "2021-12-04T10:09:51.159Z", "user": 1, "content_type": 3, "object_id": "52", "object_repr": "Swim", "action_flag": 1, "change_message": "[{\"added\": {}}]"}}, {"model": "admin.logentry", "pk": 259, "fields": {"action_time": "2021-12-04T10:50:02.695Z", "user": 1, "content_type": 3, "object_id": "53", "object_repr": "Yoga", "action_flag": 1, "change_message": "[{\"added\": {}}]"}}, {"model": "admin.logentry", "pk": 260, "fields": {"action_time": "2021-12-04T10:50:14.314Z", "user": 1, "content_type": 3, "object_id": "54", "object_repr": "HIIT Cardio", "action_flag": 1, "change_message": "[{\"added\": {}}]"}}, {"model": "admin.logentry", "pk": 261, "fields": {"action_time": "2021-12-04T10:50:28.492Z", "user": 1, "content_type": 3, "object_id": "55", "object_repr": "Cycling", "action_flag": 1, "change_message": "[{\"added\": {}}]"}}, {"model": "admin.logentry", "pk": 262, "fields": {"action_time": "2021-12-04T10:50:44.764Z", "user": 1, "content_type": 3, "object_id": "56", "object_repr": "Take a power nap", "action_flag": 1, "change_message": "[{\"added\": {}}]"}}, {"model": "admin.logentry", "pk": 263, "fields": {"action_time": "2021-12-04T10:51:06.633Z", "user": 1, "content_type": 3, "object_id": "57", "object_repr": "Wear sunscreen", "action_flag": 1, "change_message": "[{\"added\": {}}]"}}, {"model": "admin.logentry", "pk": 264, "fields": {"action_time": "2021-12-04T10:52:00.815Z", "user": 1, "content_type": 3, "object_id": "58", "object_repr": "Call my parents", "action_flag": 1, "change_message": "[{\"added\": {}}]"}}, {"model": "admin.logentry", "pk": 265, "fields": {"action_time": "2021-12-04T10:52:16.883Z", "user": 1, "content_type": 3, "object_id": "59", "object_repr": "Spend time with family", "action_flag": 1, "change_message": "[{\"added\": {}}]"}}, {"model": "admin.logentry", "pk": 266, "fields": {"action_time": "2021-12-04T10:52:28.275Z", "user": 1, "content_type": 3, "object_id": "60", "object_repr": "Spend time with my partner", "action_flag": 1, "change_message": "[{\"added\": {}}]"}}, {"model": "admin.logentry", "pk": 267, "fields": {"action_time": "2021-12-04T10:52:50.899Z", "user": 1, "content_type": 3, "object_id": "61", "object_repr": "Pay someone a compliment", "action_flag": 1, "change_message": "[{\"added\": {}}]"}}, {"model": "admin.logentry", "pk": 268, "fields": {"action_time": "2021-12-04T10:53:10.145Z", "user": 1, "content_type": 3, "object_id": "62", "object_repr": "Limit sugar", "action_flag": 1, "change_message": "[{\"added\": {}}]"}}, {"model": "admin.logentry", "pk": 269, "fields": {"action_time": "2021-12-04T10:53:21.413Z", "user": 1, "content_type": 3, "object_id": "63", "object_repr": "Limit caffeine", "action_flag": 1, "change_message": "[{\"added\": {}}]"}}, {"model": "admin.logentry", "pk": 270, "fields": {"action_time": "2021-12-04T10:53:32.529Z", "user": 1, "content_type": 3, "object_id": "64", "object_repr": "Eat fruits", "action_flag": 1, "change_message": "[{\"added\": {}}]"}}, {"model": "admin.logentry", "pk": 271, "fields": {"action_time": "2021-12-04T10:53:52.408Z", "user": 1, "content_type": 3, "object_id": "65", "object_repr": "Learn a foreign language", "action_flag": 1, "change_message": "[{\"added\": {}}]"}}, {"model": "admin.logentry", "pk": 272, "fields": {"action_time": "2021-12-04T10:54:02.220Z", "user": 1, "content_type": 3, "object_id": "66", "object_repr": "Practice coding", "action_flag": 1, "change_message": "[{\"added\": {}}]"}}, {"model": "admin.logentry", "pk": 273, "fields": {"action_time": "2021-12-04T10:54:12.940Z", "user": 1, "content_type": 3, "object_id": "67", "object_repr": "Try a new recipe", "action_flag": 1, "change_message": "[{\"added\": {}}]"}}, {"model": "admin.logentry", "pk": 274, "fields": {"action_time": "2021-12-04T10:54:29.137Z", "user": 1, "content_type": 3, "object_id": "68", "object_repr": "Paint or draw", "action_flag": 1, "change_message": "[{\"added\": {}}]"}}, {"model": "admin.logentry", "pk": 275, "fields": {"action_time": "2021-12-04T10:54:40.342Z", "user": 1, "content_type": 3, "object_id": "69", "object_repr": "Dance", "action_flag": 1, "change_message": "[{\"added\": {}}]"}}, {"model": "admin.logentry", "pk": 276, "fields": {"action_time": "2021-12-04T10:54:46.413Z", "user": 1, "content_type": 3, "object_id": "70", "object_repr": "Play the guitar", "action_flag": 1, "change_message": "[{\"added\": {}}]"}}, {"model": "admin.logentry", "pk": 277, "fields": {"action_time": "2021-12-04T10:54:58.885Z", "user": 1, "content_type": 3, "object_id": "71", "object_repr": "Practice taking photos", "action_flag": 1, "change_message": "[{\"added\": {}}]"}}, {"model": "admin.logentry", "pk": 278, "fields": {"action_time": "2021-12-04T10:55:18.528Z", "user": 1, "content_type": 3, "object_id": "72", "object_repr": "Take the stairs", "action_flag": 1, "change_message": "[{\"added\": {}}]"}}, {"model": "admin.logentry", "pk": 279, "fields": {"action_time": "2021-12-04T10:55:45.303Z", "user": 1, "content_type": 3, "object_id": "73", "object_repr": "Walk 10,000 steps", "action_flag": 1, "change_message": "[{\"added\": {}}]"}}, {"model": "admin.logentry", "pk": 280, "fields": {"action_time": "2021-12-07T09:54:47.689Z", "user": 1, "content_type": 4, "object_id": "338", "object_repr": "sophia-admin | Meditate |  Date: 2021-12-06 Completed: False", "action_flag": 3, "change_message": ""}}, {"model": "admin.logentry", "pk": 281, "fields": {"action_time": "2021-12-07T09:54:47.692Z", "user": 1, "content_type": 4, "object_id": "337", "object_repr": "sophia-admin | Drink 8 glasses of water |  Date: 2021-12-07 Completed: True", "action_flag": 3, "change_message": ""}}, {"model": "admin.logentry", "pk": 282, "fields": {"action_time": "2021-12-07T09:54:47.696Z", "user": 1, "content_type": 4, "object_id": "336", "object_repr": "sophia-admin | Drink 8 glasses of water |  Date: 2021-12-06 Completed: True", "action_flag": 3, "change_message": ""}}, {"model": "admin.logentry", "pk": 283, "fields": {"action_time": "2021-12-07T09:54:47.699Z", "user": 1, "content_type": 4, "object_id": "335", "object_repr": "sophia-admin | Drink 8 glasses of water |  Date: 2021-12-05 Completed: True", "action_flag": 3, "change_message": ""}}, {"model": "admin.logentry", "pk": 284, "fields": {"action_time": "2021-12-07T09:54:47.700Z", "user": 1, "content_type": 4, "object_id": "334", "object_repr": "sophia-admin | Drink 8 glasses of water |  Date: 2021-12-04 Completed: True", "action_flag": 3, "change_message": ""}}, {"model": "admin.logentry", "pk": 285, "fields": {"action_time": "2021-12-07T09:54:47.705Z", "user": 1, "content_type": 4, "object_id": "331", "object_repr": "sophia-admin | Work out |  Date: 2021-12-07 Completed: True", "action_flag": 3, "change_message": ""}}, {"model": "admin.logentry", "pk": 286, "fields": {"action_time": "2021-12-07T09:54:47.707Z", "user": 1, "content_type": 4, "object_id": "330", "object_repr": "sophia-admin | Work on final project |  Date: 2021-12-07 Completed: True", "action_flag": 3, "change_message": ""}}, {"model": "admin.logentry", "pk": 287, "fields": {"action_time": "2021-12-07T09:54:47.710Z", "user": 1, "content_type": 4, "object_id": "329", "object_repr": "sophia-admin | Sleep before midnight |  Date: 2021-12-06 Completed: True", "action_flag": 3, "change_message": ""}}, {"model": "admin.logentry", "pk": 288, "fields": {"action_time": "2021-12-07T09:54:47.712Z", "user": 1, "content_type": 4, "object_id": "328", "object_repr": "sophia-admin | Sleep before midnight |  Date: 2021-12-05 Completed: True", "action_flag": 3, "change_message": ""}}, {"model": "admin.logentry", "pk": 289, "fields": {"action_time": "2021-12-07T09:54:47.716Z", "user": 1, "content_type": 4, "object_id": "327", "object_repr": "sophia-admin | Sleep before midnight |  Date: 2021-12-04 Completed: True", "action_flag": 3, "change_message": ""}}, {"model": "admin.logentry", "pk": 290, "fields": {"action_time": "2021-12-07T09:54:47.718Z", "user": 1, "content_type": 4, "object_id": "326", "object_repr": "sophia-admin | Sleep before midnight |  Date: 2021-11-29 Completed: False", "action_flag": 3, "change_message": ""}}, {"model": "admin.logentry", "pk": 291, "fields": {"action_time": "2021-12-07T09:54:47.722Z", "user": 1, "content_type": 4, "object_id": "325", "object_repr": "sophia-admin | Sleep before midnight |  Date: 2021-11-30 Completed: False", "action_flag": 3, "change_message": ""}}, {"model": "admin.logentry", "pk": 292, "fields": {"action_time": "2021-12-07T09:54:47.725Z", "user": 1, "content_type": 4, "object_id": "324", "object_repr": "sophia-admin | Practice coding |  Date: 2021-12-04 Completed: True", "action_flag": 3, "change_message": ""}}, {"model": "admin.logentry", "pk": 293, "fields": {"action_time": "2021-12-07T09:54:47.726Z", "user": 1, "content_type": 4, "object_id": "323", "object_repr": "sophia-admin | Practice coding |  Date: 2021-12-03 Completed: True", "action_flag": 3, "change_message": ""}}, {"model": "admin.logentry", "pk": 294, "fields": {"action_time": "2021-12-07T09:54:47.730Z", "user": 1, "content_type": 4, "object_id": "322", "object_repr": "sophia-admin | Practice coding |  Date: 2021-12-02 Completed: True", "action_flag": 3, "change_message": ""}}, {"model": "admin.logentry", "pk": 295, "fields": {"action_time": "2021-12-07T09:54:47.732Z", "user": 1, "content_type": 4, "object_id": "315", "object_repr": "sophia-admin | Eat fruits |  Date: 2021-12-02 Completed: True", "action_flag": 3, "change_message": ""}}, {"model": "admin.logentry", "pk": 296, "fields": {"action_time": "2021-12-07T09:54:47.736Z", "user": 1, "content_type": 4, "object_id": "314", "object_repr": "sophia-admin | Respond to emails |  Date: 2021-12-02 Completed: False", "action_flag": 3, "change_message": ""}}, {"model": "admin.logentry", "pk": 297, "fields": {"action_time": "2021-12-07T09:54:47.738Z", "user": 1, "content_type": 4, "object_id": "313", "object_repr": "sophia-admin | Respond to emails |  Date: 2021-12-04 Completed: True", "action_flag": 3, "change_message": ""}}, {"model": "admin.logentry", "pk": 298, "fields": {"action_time": "2021-12-07T09:54:47.743Z", "user": 1, "content_type": 4, "object_id": "312", "object_repr": "sophia-admin | Respond to emails |  Date: 2021-12-03 Completed: True", "action_flag": 3, "change_message": ""}}, {"model": "admin.logentry", "pk": 299, "fields": {"action_time": "2021-12-07T09:54:47.745Z", "user": 1, "content_type": 4, "object_id": "311", "object_repr": "sophia-admin | Work out |  Date: 2021-12-03 Completed: True", "action_flag": 3, "change_message": ""}}, {"model": "admin.logentry", "pk": 300, "fields": {"action_time": "2021-12-07T09:54:47.747Z", "user": 1, "content_type": 4, "object_id": "310", "object_repr": "sophia-admin | Work on final project |  Date: 2021-12-04 Completed: True", "action_flag": 3, "change_message": ""}}, {"model": "admin.logentry", "pk": 301, "fields": {"action_time": "2021-12-07T09:54:47.751Z", "user": 1, "content_type": 4, "object_id": "309", "object_repr": "sophia-admin | Sleep before midnight |  Date: 2021-12-03 Completed: True", "action_flag": 3, "change_message": ""}}, {"model": "admin.logentry", "pk": 302, "fields": {"action_time": "2021-12-07T09:54:47.753Z", "user": 1, "content_type": 4, "object_id": "308", "object_repr": "sophia-admin | Work on final project |  Date: 2021-12-03 Completed: True", "action_flag": 3, "change_message": ""}}, {"model": "admin.logentry", "pk": 303, "fields": {"action_time": "2021-12-07T09:54:47.756Z", "user": 1, "content_type": 4, "object_id": "307", "object_repr": "sophia-admin | Catch up with friends |  Date: 2021-11-30 Completed: True", "action_flag": 3, "change_message": ""}}, {"model": "admin.logentry", "pk": 304, "fields": {"action_time": "2021-12-07T09:54:47.758Z", "user": 1, "content_type": 4, "object_id": "306", "object_repr": "sophia-admin | Catch up with friends |  Date: 2021-12-03 Completed: True", "action_flag": 3, "change_message": ""}}, {"model": "admin.logentry", "pk": 305, "fields": {"action_time": "2021-12-07T09:54:47.761Z", "user": 1, "content_type": 4, "object_id": "305", "object_repr": "sophia-admin | Catch up with friends |  Date: 2021-12-02 Completed: True", "action_flag": 3, "change_message": ""}}, {"model": "admin.logentry", "pk": 306, "fields": {"action_time": "2021-12-07T09:54:47.763Z", "user": 1, "content_type": 4, "object_id": "304", "object_repr": "sophia-admin | Catch up with friends |  Date: 2021-12-01 Completed: False", "action_flag": 3, "change_message": ""}}, {"model": "admin.logentry", "pk": 307, "fields": {"action_time": "2021-12-07T09:54:47.767Z", "user": 1, "content_type": 4, "object_id": "303", "object_repr": "sophia-admin | Catch up with friends |  Date: 2021-11-28 Completed: True", "action_flag": 3, "change_message": ""}}, {"model": "admin.logentry", "pk": 308, "fields": {"action_time": "2021-12-07T09:54:47.769Z", "user": 1, "content_type": 4, "object_id": "302", "object_repr": "sophia-admin | Catch up with friends |  Date: 2021-11-29 Completed: True", "action_flag": 3, "change_message": ""}}, {"model": "admin.logentry", "pk": 309, "fields": {"action_time": "2021-12-07T09:54:47.773Z", "user": 1, "content_type": 4, "object_id": "301", "object_repr": "sophia-admin | Drink 8 glasses of water |  Date: 2021-12-03 Completed: True", "action_flag": 3, "change_message": ""}}, {"model": "admin.logentry", "pk": 310, "fields": {"action_time": "2021-12-07T09:54:47.774Z", "user": 1, "content_type": 4, "object_id": "300", "object_repr": "sophia-admin | Avoid eating sweets |  Date: 2021-11-29 Completed: True", "action_flag": 3, "change_message": ""}}, {"model": "admin.logentry", "pk": 311, "fields": {"action_time": "2021-12-07T09:54:47.779Z", "user": 1, "content_type": 4, "object_id": "299", "object_repr": "sophia-admin | Avoid eating sweets |  Date: 2021-11-28 Completed: True", "action_flag": 3, "change_message": ""}}, {"model": "admin.logentry", "pk": 312, "fields": {"action_time": "2021-12-07T09:54:47.781Z", "user": 1, "content_type": 4, "object_id": "298", "object_repr": "sophia-admin | Avoid eating sweets |  Date: 2021-11-27 Completed: True", "action_flag": 3, "change_message": ""}}, {"model": "admin.logentry", "pk": 313, "fields": {"action_time": "2021-12-07T09:54:47.785Z", "user": 1, "content_type": 4, "object_id": "297", "object_repr": "sophia-admin | Avoid eating sweets |  Date: 2021-11-26 Completed: True", "action_flag": 3, "change_message": ""}}, {"model": "admin.logentry", "pk": 314, "fields": {"action_time": "2021-12-07T09:54:47.787Z", "user": 1, "content_type": 4, "object_id": "296", "object_repr": "sophia-admin | Drink 8 glasses of water |  Date: 2021-12-01 Completed: True", "action_flag": 3, "change_message": ""}}, {"model": "admin.logentry", "pk": 315, "fields": {"action_time": "2021-12-07T09:54:47.789Z", "user": 1, "content_type": 4, "object_id": "295", "object_repr": "sophia-admin | Drink 8 glasses of water |  Date: 2021-12-02 Completed: True", "action_flag": 3, "change_message": ""}}, {"model": "admin.logentry", "pk": 316, "fields": {"action_time": "2021-12-07T09:54:47.790Z", "user": 1, "content_type": 4, "object_id": "294", "object_repr": "sophia-admin | Drink 8 glasses of water |  Date: 2021-11-28 Completed: True", "action_flag": 3, "change_message": ""}}, {"model": "admin.logentry", "pk": 317, "fields": {"action_time": "2021-12-07T09:54:47.792Z", "user": 1, "content_type": 4, "object_id": "293", "object_repr": "sophia-admin | Drink 8 glasses of water |  Date: 2021-11-27 Completed: True", "action_flag": 3, "change_message": ""}}, {"model": "admin.logentry", "pk": 318, "fields": {"action_time": "2021-12-07T09:54:47.794Z", "user": 1, "content_type": 4, "object_id": "292", "object_repr": "sophia-admin | Drink 8 glasses of water |  Date: 2021-11-26 Completed: True", "action_flag": 3, "change_message": ""}}, {"model": "admin.logentry", "pk": 319, "fields": {"action_time": "2021-12-07T09:54:47.796Z", "user": 1, "content_type": 4, "object_id": "291", "object_repr": "sophia-admin | Go for a walk |  Date: 2021-11-30 Completed: True", "action_flag": 3, "change_message": ""}}, {"model": "admin.logentry", "pk": 320, "fields": {"action_time": "2021-12-07T09:54:47.798Z", "user": 1, "content_type": 4, "object_id": "290", "object_repr": "sophia-admin | Go for a walk |  Date: 2021-11-29 Completed: True", "action_flag": 3, "change_message": ""}}, {"model": "admin.logentry", "pk": 321, "fields": {"action_time": "2021-12-07T09:54:47.800Z", "user": 1, "content_type": 4, "object_id": "289", "object_repr": "sophia-admin | Log calorie data |  Date: 2021-11-28 Completed: True", "action_flag": 3, "change_message": ""}}, {"model": "admin.logentry", "pk": 322, "fields": {"action_time": "2021-12-07T09:54:47.801Z", "user": 1, "content_type": 4, "object_id": "288", "object_repr": "sophia-admin | Log calorie data |  Date: 2021-11-27 Completed: True", "action_flag": 3, "change_message": ""}}, {"model": "admin.logentry", "pk": 323, "fields": {"action_time": "2021-12-07T09:54:47.802Z", "user": 1, "content_type": 4, "object_id": "287", "object_repr": "sophia-admin | Log calorie data |  Date: 2021-11-26 Completed: True", "action_flag": 3, "change_message": ""}}, {"model": "admin.logentry", "pk": 324, "fields": {"action_time": "2021-12-07T09:54:47.804Z", "user": 1, "content_type": 4, "object_id": "286", "object_repr": "sophia-admin | Work on final project |  Date: 2021-11-26 Completed: True", "action_flag": 3, "change_message": ""}}, {"model": "admin.logentry", "pk": 325, "fields": {"action_time": "2021-12-07T09:54:47.806Z", "user": 1, "content_type": 4, "object_id": "285", "object_repr": "sophia-admin | Work on final project |  Date: 2021-12-02 Completed: True", "action_flag": 3, "change_message": ""}}, {"model": "admin.logentry", "pk": 326, "fields": {"action_time": "2021-12-07T09:54:47.808Z", "user": 1, "content_type": 4, "object_id": "284", "object_repr": "sophia-admin | Sleep before midnight |  Date: 2021-12-02 Completed: True", "action_flag": 3, "change_message": ""}}, {"model": "admin.logentry", "pk": 327, "fields": {"action_time": "2021-12-07T09:54:47.810Z", "user": 1, "content_type": 4, "object_id": "283", "object_repr": "sophia-admin | Sleep before midnight |  Date: 2021-12-01 Completed: True", "action_flag": 3, "change_message": ""}}, {"model": "admin.logentry", "pk": 328, "fields": {"action_time": "2021-12-07T09:54:47.811Z", "user": 1, "content_type": 4, "object_id": "282", "object_repr": "sophia-admin | Work out |  Date: 2021-11-26 Completed: True", "action_flag": 3, "change_message": ""}}, {"model": "admin.logentry", "pk": 329, "fields": {"action_time": "2021-12-07T09:54:47.813Z", "user": 1, "content_type": 4, "object_id": "281", "object_repr": "sophia-admin | Work out |  Date: 2021-11-28 Completed: True", "action_flag": 3, "change_message": ""}}, {"model": "admin.logentry", "pk": 330, "fields": {"action_time": "2021-12-07T09:54:47.815Z", "user": 1, "content_type": 4, "object_id": "280", "object_repr": "sophia-admin | Work out |  Date: 2021-11-29 Completed: True", "action_flag": 3, "change_message": ""}}, {"model": "admin.logentry", "pk": 331, "fields": {"action_time": "2021-12-07T09:54:47.816Z", "user": 1, "content_type": 4, "object_id": "279", "object_repr": "sophia-admin | Sleep before midnight |  Date: 2021-11-26 Completed: False", "action_flag": 3, "change_message": ""}}, {"model": "admin.logentry", "pk": 332, "fields": {"action_time": "2021-12-09T12:10:49.448Z", "user": 1, "content_type": 4, "object_id": "426", "object_repr": "False", "action_flag": 3, "change_message": ""}}, {"model": "admin.logentry", "pk": 333, "fields": {"action_time": "2021-12-09T12:10:49.463Z", "user": 1, "content_type": 4, "object_id": "425", "object_repr": "False", "action_flag": 3, "change_message": ""}}, {"model": "auth.permission", "pk": 1, "fields": {"name": "Can add user", "content_type": 1, "codename": "add_user"}}, {"model": "auth.permission", "pk": 2, "fields": {"name": "Can change user", "content_type": 1, "codename": "change_user"}}, {"model": "auth.permission", "pk": 3, "fields": {"name": "Can delete user", "content_type": 1, "codename": "delete_user"}}, {"model": "auth.permission", "pk": 4, "fields": {"name": "Can view user", "content_type": 1, "codename": "view_user"}}, {"model": "auth.permission", "pk": 5, "fields": {"name": "Can add category", "content_type": 2, "codename": "add_category"}}, {"model": "auth.permission", "pk": 6, "fields": {"name": "Can change category", "content_type": 2, "codename": "change_category"}}, {"model": "auth.permission", "pk": 7, "fields": {"name": "Can delete category", "content_type": 2, "codename": "delete_category"}}, {"model": "auth.permission", "pk": 8, "fields": {"name": "Can view category", "content_type": 2, "codename": "view_category"}}, {"model": "auth.permission", "pk": 9, "fields": {"name": "Can add habit", "content_type": 3, "codename": "add_habit"}}, {"model": "auth.permission", "pk": 10, "fields": {"name": "Can change habit", "content_type": 3, "codename": "change_habit"}}, {"model": "auth.permission", "pk": 11, "fields": {"name": "Can delete habit", "content_type": 3, "codename": "delete_habit"}}, {"model": "auth.permission", "pk": 12, "fields": {"name": "Can view habit", "content_type": 3, "codename": "view_habit"}}, {"model": "auth.permission", "pk": 13, "fields": {"name": "Can add completion", "content_type": 4, "codename": "add_completion"}}, {"model": "auth.permission", "pk": 14, "fields": {"name": "Can change completion", "content_type": 4, "codename": "change_completion"}}, {"model": "auth.permission", "pk": 15, "fields": {"name": "Can delete completion", "content_type": 4, "codename": "delete_completion"}}, {"model": "auth.permission", "pk": 16, "fields": {"name": "Can view completion", "content_type": 4, "codename": "view_completion"}}, {"model": "auth.permission", "pk": 17, "fields": {"name": "Can add log entry", "content_type": 5, "codename": "add_logentry"}}, {"model": "auth.permission", "pk": 18, "fields": {"name": "Can change log entry", "content_type": 5, "codename": "change_logentry"}}, {"model": "auth.permission", "pk": 19, "fields": {"name": "Can delete log entry", "content_type": 5, "codename": "delete_logentry"}}, {"model": "auth.permission", "pk": 20, "fields": {"name": "Can view log entry", "content_type": 5, "codename": "view_logentry"}}, {"model": "auth.permission", "pk": 21, "fields": {"name": "Can add permission", "content_type": 6, "codename": "add_permission"}}, {"model": "auth.permission", "pk": 22, "fields": {"name": "Can change permission", "content_type": 6, "codename": "change_permission"}}, {"model": "auth.permission", "pk": 23, "fields": {"name": "Can delete permission", "content_type": 6, "codename": "delete_permission"}}, {"model": "auth.permission", "pk": 24, "fields": {"name": "Can view permission", "content_type": 6, "codename": "view_permission"}}, {"model": "auth.permission", "pk": 25, "fields": {"name": "Can add group", "content_type": 7, "codename": "add_group"}}, {"model": "auth.permission", "pk": 26, "fields": {"name": "Can change group", "content_type": 7, "codename": "change_group"}}, {"model": "auth.permission", "pk": 27, "fields": {"name": "Can delete group", "content_type": 7, "codename": "delete_group"}}, {"model": "auth.permission", "pk": 28, "fields": {"name": "Can view group", "content_type": 7, "codename": "view_group"}}, {"model": "auth.permission", "pk": 29, "fields": {"name": "Can add content type", "content_type": 8, "codename": "add_contenttype"}}, {"model": "auth.permission", "pk": 30, "fields": {"name": "Can change content type", "content_type": 8, "codename": "change_contenttype"}}, {"model": "auth.permission", "pk": 31, "fields": {"name": "Can delete content type", "content_type": 8, "codename": "delete_contenttype"}}, {"model": "auth.permission", "pk": 32, "fields": {"name": "Can view content type", "content_type": 8, "codename": "view_contenttype"}}, {"model": "auth.permission", "pk": 33, "fields": {"name": "Can add session", "content_type": 9, "codename": "add_session"}}, {"model": "auth.permission", "pk": 34, "fields": {"name": "Can change session", "content_type": 9, "codename": "change_session"}}, {"model": "auth.permission", "pk": 35, "fields": {"name": "Can delete session", "content_type": 9, "codename": "delete_session"}}, {"model": "auth.permission", "pk": 36, "fields": {"name": "Can view session", "content_type": 9, "codename": "view_session"}}, {"model": "auth.permission", "pk": 37, "fields": {"name": "Can add default habit", "content_type": 10, "codename": "add_defaulthabit"}}, {"model": "auth.permission", "pk": 38, "fields": {"name": "Can change default habit", "content_type": 10, "codename": "change_defaulthabit"}}, {"model": "auth.permission", "pk": 39, "fields": {"name": "Can delete default habit", "content_type": 10, "codename": "delete_defaulthabit"}}, {"model": "auth.permission", "pk": 40, "fields": {"name": "Can view default habit", "content_type": 10, "codename": "view_defaulthabit"}}, {"model": "contenttypes.contenttype", "pk": 1, "fields": {"app_label": "habitually", "model": "user"}}, {"model": "contenttypes.contenttype", "pk": 2, "fields": {"app_label": "habitually", "model": "category"}}, {"model": "contenttypes.contenttype", "pk": 3, "fields": {"app_label": "habitually", "model": "habit"}}, {"model": "contenttypes.contenttype", "pk": 4, "fields": {"app_label": "habitually", "model": "completion"}}, {"model": "contenttypes.contenttype", "pk": 5, "fields": {"app_label": "admin", "model": "logentry"}}, {"model": "contenttypes.contenttype", "pk": 6, "fields": {"app_label": "auth", "model": "permission"}}, {"model": "contenttypes.contenttype", "pk": 7, "fields": {"app_label": "auth", "model": "group"}}, {"model": "contenttypes.contenttype", "pk": 8, "fields": {"app_label": "contenttypes", "model": "contenttype"}}, {"model": "contenttypes.contenttype", "pk": 9, "fields": {"app_label": "sessions", "model": "session"}}, {"model": "contenttypes.contenttype", "pk": 10, "fields": {"app_label": "habitually", "model": "defaulthabit"}}, {"model": "sessions.session", "pk": "1edlxzkpnuw3jo51h6di4nucztfz9u78", "fields": {"session_data": ".eJxVjDsOwjAQBe_iGlmOvxtK-pzBWnu9JIAcKU4qxN1JpBTQvpl5bxFxW8e4tbLEicRVdOLyuyXMz1IPQA-s91nmua7LlOShyJM2OcxUXrfT_TsYsY177aC4PnvuAytm78H1RmUE0IGAwQTwQBaZDAIZtha13m2nQBeTuBOfL9qVN6g:1oILiI:SejAYqfauaslz7Aej4t6qKzd63hUaww86eWtYqdB5xQ", "expire_date": "2022-08-15T03:03:26.202Z"}}, {"model": "sessions.session", "pk": "lgnhpwiym16ghndztxc3c5of8ye6yh9h", "fields": {"session_data": ".eJxVjEEOwiAQRe_C2pASgRlcuvcMhGEGqRqalHbVeHdt0oVu_3vvbyqmdalx7TLHkdVFWXX63Sjlp7Qd8CO1-6Tz1JZ5JL0r-qBd3yaW1_Vw_w5q6vVbI6EbAMAxAA02ECXjSTxKQE_nggGdxRxS4GJBDFqR4rhANuwyOvX-ANoTOBQ:1mw0Nl:BnN7Dhm-Zmi39TekVd57cMuE6ZVqnXeOkk1hS4cTf-o", "expire_date": "2021-12-25T11:17:37.731Z"}}, {"model": "sessions.session", "pk": "yx4a89qpqvm7iexp46juds23zfbamzpi", "fields": {"session_data": ".eJxVjDsOwjAQBe_iGlmOvxtK-pzBWnu9JIAcKU4qxN1JpBTQvpl5bxFxW8e4tbLEicRVdOLyuyXMz1IPQA-s91nmua7LlOShyJM2OcxUXrfT_TsYsY177aC4PnvuAytm78H1RmUE0IGAwQTwQBaZDAIZtha13m2nQBeTuBOfL9qVN6g:1mwcdy:TrmACHQ5P9-2KbbVit-xh-ZnnNAKSBl2gPM_TWl_xBE", "expire_date": "2021-12-27T04:08:54.696Z"}}]
